patient_id,age,comorbidity_score,prior_admissions,readmitted_30d,model_calibrated_prob,model_overconfident_prob
P00001,64.6,0,1,0,0.0015,0.001
P00002,44.4,2,1,0,0.0216,0.001
P00003,71.3,2,3,0,0.2134,0.0525
P00004,74.1,2,2,0,0.4007,0.3324
P00005,30.7,3,1,0,0.0697,0.0184
P00006,40.5,0,2,0,0.001,0.0192
P00007,61.9,2,0,0,0.0922,0.0115
P00008,55.3,0,1,0,0.0113,0.0197
P00009,59.7,4,1,0,0.3586,0.0969
P00010,47.2,3,1,0,0.0599,0.0025
P00011,73.2,4,0,0,0.1474,0.001
P00012,71.7,1,1,0,0.0777,0.0017
P00013,61.0,1,0,0,0.0508,0.0359
P00014,76.9,1,0,0,0.1322,0.0283
P00015,67.0,2,0,0,0.0685,0.0151
P00016,47.1,2,1,0,0.0876,0.001
P00017,65.5,3,0,1,0.0508,0.001
P00018,45.6,2,1,1,0.0793,0.0061
P00019,73.2,1,1,0,0.0216,0.0238
P00020,59.3,2,2,1,0.1651,0.0566
P00021,57.2,6,2,1,0.562,0.587
P00022,49.8,1,1,0,0.045,0.0029
P00023,78.3,1,2,1,0.0859,0.001
P00024,57.7,1,0,0,0.0498,0.0165
P00025,53.6,2,0,0,0.0419,0.001
P00026,54.7,0,1,0,0.0649,0.001
P00027,68.0,1,0,0,0.001,0.0168
P00028,65.5,0,2,0,0.1215,0.0153
P00029,66.2,1,2,1,0.2925,0.0749
P00030,66.5,2,0,0,0.0635,0.0477
P00031,92.1,1,0,0,0.0903,0.0309
P00032,53.9,0,1,0,0.001,0.001
P00033,52.3,4,1,0,0.2419,0.0975
P00034,47.8,2,5,1,0.6974,0.7694
P00035,69.2,6,1,0,0.3807,0.2798
P00036,76.9,1,3,0,0.1508,0.035
P00037,58.3,2,4,1,0.4009,0.3401
P00038,47.4,1,1,0,0.001,0.001
P00039,47.6,4,1,0,0.1859,0.0265
P00040,69.8,1,0,0,0.0317,0.001
P00041,71.1,0,0,0,0.0816,0.001
P00042,68.1,1,1,0,0.1553,0.0125
P00043,50.0,3,3,0,0.2001,0.0407
P00044,63.5,2,0,0,0.065,0.0035
P00045,61.8,2,2,0,0.1519,0.0084
P00046,63.3,1,4,1,0.1167,0.0136
P00047,73.1,2,1,0,0.0403,0.001
P00048,63.4,5,0,0,0.1778,0.0256
P00049,70.2,1,0,0,0.04,0.0034
P00050,61.0,2,2,0,0.1528,0.0052
P00051,64.3,2,1,0,0.0942,0.001
P00052,69.5,2,0,0,0.0221,0.0019
P00053,38.1,2,2,1,0.1803,0.0742
P00054,55.2,1,1,0,0.0561,0.0069
P00055,52.9,1,3,0,0.1529,0.0536
P00056,50.4,3,0,1,0.0719,0.0239
P00057,55.9,3,1,1,0.0656,0.0356
P00058,82.4,0,0,0,0.1039,0.0328
P00059,47.0,5,2,0,0.2106,0.0572
P00060,74.5,0,0,0,0.0397,0.001
P00061,34.8,3,1,0,0.0604,0.0137
P00062,55.0,2,1,1,0.0771,0.0267
P00063,62.4,3,2,1,0.2326,0.0603
P00064,68.8,0,3,0,0.0921,0.001
P00065,70.7,3,1,0,0.1943,0.0443
P00066,71.9,3,3,0,0.1632,0.0286
P00067,54.8,1,1,0,0.0154,0.0378
P00068,53.1,2,3,0,0.1533,0.0115
P00069,72.9,1,3,0,0.1579,0.001
P00070,57.1,1,0,0,0.0255,0.001
P00071,40.9,2,1,0,0.0589,0.0036
P00072,43.0,3,2,0,0.1394,0.0594
P00073,46.2,5,0,0,0.1264,0.0068
P00074,67.5,4,2,0,0.335,0.2067
P00075,62.1,1,0,0,0.0346,0.0132
P00076,70.4,5,0,0,0.5232,0.5236
P00077,53.6,3,2,1,0.2373,0.0858
P00078,62.4,1,1,0,0.0555,0.0144
P00079,69.4,3,1,1,0.3767,0.1412
P00080,55.4,2,2,0,0.1163,0.0162
P00081,66.9,0,1,0,0.0527,0.0198
P00082,50.1,3,0,0,0.0758,0.0236
P00083,54.6,3,0,0,0.1073,0.0293
P00084,54.3,1,0,0,0.001,0.0072
P00085,42.1,1,1,0,0.0479,0.0072
P00086,67.3,0,1,0,0.0185,0.0163
P00087,53.0,4,1,0,0.0924,0.001
P00088,60.2,2,1,0,0.0186,0.001
P00089,67.2,4,0,0,0.2159,0.0214
P00090,66.7,1,3,0,0.1172,0.001
P00091,70.0,1,0,0,0.0178,0.009
P00092,58.5,1,2,0,0.0842,0.0276
P00093,53.7,2,0,0,0.0458,0.001
P00094,58.8,0,0,0,0.0164,0.0088
P00095,34.7,1,2,0,0.0817,0.001
P00096,38.3,2,2,0,0.0761,0.001
P00097,40.2,1,1,0,0.001,0.0419
P00098,45.0,2,1,0,0.0207,0.001
P00099,66.0,1,1,0,0.075,0.001
P00100,46.4,3,1,0,0.1268,0.0247
P00101,54.3,1,1,0,0.0903,0.0087
P00102,79.5,1,1,0,0.0631,0.0159
P00103,54.7,3,4,1,0.3633,0.2764
P00104,71.1,2,1,0,0.1074,0.001
P00105,46.0,0,0,0,0.001,0.001
P00106,56.9,0,1,0,0.001,0.0323
P00107,45.7,2,0,0,0.0664,0.0192
P00108,54.9,3,0,1,0.1431,0.0218
P00109,72.6,2,0,0,0.1154,0.001
P00110,34.1,0,0,0,0.0095,0.0225
P00111,66.5,4,1,0,0.2254,0.0686
P00112,63.6,2,0,0,0.1104,0.0093
P00113,51.1,2,0,1,0.0656,0.001
P00114,38.3,1,1,0,0.0305,0.0023
P00115,61.1,1,1,0,0.0637,0.0337
P00116,52.1,1,2,0,0.0566,0.001
P00117,63.5,3,2,0,0.2984,0.0983
P00118,60.3,0,0,0,0.001,0.001
P00119,84.0,0,0,0,0.0274,0.001
P00120,56.4,2,1,1,0.1178,0.0158
P00121,44.6,1,0,0,0.001,0.0199
P00122,62.7,3,0,0,0.001,0.01
P00123,63.3,3,1,0,0.1732,0.0386
P00124,80.4,0,2,0,0.1036,0.0158
P00125,72.5,6,2,1,0.5886,0.6936
P00126,65.4,2,1,0,0.1282,0.001
P00127,81.9,5,0,0,0.1595,0.0444
P00128,42.2,0,2,0,0.0612,0.001
P00129,50.4,1,1,0,0.0232,0.001
P00130,46.1,0,0,0,0.0341,0.0068
P00131,54.2,1,2,0,0.056,0.001
P00132,39.3,2,2,0,0.0236,0.0105
P00133,69.5,2,1,0,0.0879,0.0096
P00134,56.7,5,3,1,0.4677,0.4715
P00135,37.9,3,3,1,0.1007,0.0421
P00136,44.8,4,0,0,0.0953,0.0246
P00137,64.7,1,1,0,0.0985,0.0154
P00138,72.6,2,0,0,0.0865,0.0169
P00139,90.0,3,1,0,0.2519,0.059
P00140,103.7,4,1,0,0.5785,0.6138
P00141,66.2,1,1,1,0.098,0.001
P00142,45.2,2,0,0,0.0769,0.0024
P00143,28.0,1,2,0,0.0437,0.001
P00144,64.0,1,3,0,0.1672,0.0154
P00145,47.8,4,0,0,0.0814,0.001
P00146,53.8,4,2,0,0.2972,0.0879
P00147,50.8,0,1,1,0.0077,0.0242
P00148,57.9,1,1,0,0.001,0.001
P00149,76.0,3,1,1,0.2978,0.1034
P00150,62.4,0,0,0,0.001,0.0131
P00151,57.6,2,1,0,0.2455,0.0597
P00152,44.5,2,2,0,0.0523,0.0151
P00153,34.9,3,0,0,0.0772,0.001
P00154,52.7,4,3,1,0.7681,0.8774
P00155,59.2,2,2,0,0.1668,0.001
P00156,86.5,4,1,0,0.383,0.2103
P00157,62.0,5,2,1,0.3244,0.1777
P00158,74.7,0,1,0,0.1673,0.0128
P00159,52.5,0,0,0,0.0305,0.001
P00160,42.2,2,0,0,0.0079,0.001
P00161,45.5,1,1,0,0.0294,0.001
P00162,49.1,1,1,0,0.0303,0.001
P00163,91.9,2,3,0,0.2705,0.1104
P00164,47.7,2,1,0,0.0596,0.0202
P00165,72.6,5,2,1,0.4962,0.4675
P00166,46.5,0,0,0,0.001,0.0354
P00167,74.0,4,5,1,0.8097,0.9689
P00168,65.8,2,1,0,0.067,0.001
P00169,57.7,1,1,1,0.0345,0.0048
P00170,59.4,3,2,0,0.2637,0.1267
P00171,50.2,1,1,0,0.001,0.001
P00172,66.7,4,2,1,0.1293,0.0354
P00173,53.2,1,1,0,0.0545,0.0073
P00174,41.6,1,1,0,0.0102,0.001
P00175,40.8,0,0,0,0.0203,0.001
P00176,62.6,4,0,0,0.1634,0.001
P00177,83.7,1,1,0,0.0632,0.001
P00178,62.4,0,0,0,0.052,0.001
P00179,58.2,2,0,0,0.0566,0.0086
P00180,64.3,4,2,1,0.2764,0.1781
P00181,79.6,2,0,0,0.1015,0.0112
P00182,63.3,1,1,0,0.124,0.001
P00183,53.8,1,1,0,0.0164,0.0062
P00184,76.6,1,0,0,0.0694,0.0027
P00185,66.4,2,0,0,0.1043,0.001
P00186,83.0,3,1,0,0.1496,0.0489
P00187,62.7,1,0,0,0.001,0.0178
P00188,41.6,2,1,0,0.0048,0.001
P00189,39.5,4,0,0,0.0908,0.001
P00190,84.8,2,2,0,0.2003,0.0014
P00191,85.9,1,2,1,0.315,0.1023
P00192,57.3,2,0,0,0.004,0.001
P00193,54.3,4,0,0,0.0384,0.001
P00194,81.9,1,0,0,0.0772,0.001
P00195,43.4,5,3,0,0.3439,0.2445
P00196,46.6,3,1,0,0.0732,0.0156
P00197,69.6,1,1,0,0.0517,0.0134
P00198,54.1,1,2,0,0.0905,0.0212
P00199,59.9,4,2,1,0.3688,0.1504
P00200,57.5,1,1,0,0.0227,0.001
P00201,65.1,2,1,0,0.074,0.001
P00202,81.1,3,1,0,0.2535,0.0748
P00203,61.4,6,2,0,0.5265,0.6284
P00204,69.7,4,1,1,0.313,0.1775
P00205,29.2,1,0,0,0.001,0.0222
P00206,59.3,2,2,0,0.118,0.0304
P00207,47.4,1,2,0,0.1157,0.019
P00208,41.7,3,0,0,0.0948,0.0035
P00209,46.8,3,0,0,0.0159,0.0312
P00210,55.0,2,0,0,0.0208,0.001
P00211,73.7,4,3,0,0.5821,0.7068
P00212,40.1,2,2,0,0.0321,0.0259
P00213,60.5,2,0,0,0.106,0.0091
P00214,52.7,2,1,1,0.1667,0.0148
P00215,55.1,6,0,0,0.2751,0.1842
P00216,75.0,1,2,1,0.2544,0.0766
P00217,68.1,3,2,1,0.1024,0.001
P00218,80.1,3,1,0,0.1186,0.001
P00219,57.7,2,0,0,0.0761,0.0072
P00220,49.6,3,1,0,0.1143,0.0121
P00221,56.6,1,0,0,0.0295,0.0306
P00222,63.6,1,1,0,0.0104,0.001
P00223,62.6,1,2,0,0.1638,0.02
P00224,43.7,3,1,0,0.2292,0.0817
P00225,61.4,1,1,0,0.112,0.0272
P00226,63.4,2,0,0,0.0837,0.0085
P00227,97.8,2,0,0,0.1541,0.001
P00228,88.2,2,0,0,0.0311,0.001
P00229,47.2,1,2,0,0.0441,0.001
P00230,55.7,1,1,0,0.1429,0.0135
P00231,38.0,2,1,0,0.0631,0.001
P00232,51.1,2,1,0,0.0553,0.0338
P00233,64.7,2,0,1,0.1351,0.001
P00234,78.1,1,1,0,0.1607,0.001
P00235,49.1,0,3,1,0.0426,0.0064
P00236,50.2,3,0,0,0.0143,0.012
P00237,27.8,6,4,1,0.5887,0.5474
P00238,57.6,1,3,0,0.1726,0.001
P00239,44.1,1,1,0,0.1099,0.001
P00240,52.1,5,0,1,0.1703,0.0361
P00241,46.8,2,0,0,0.0161,0.0396
P00242,58.6,3,3,1,0.2951,0.171
P00243,33.6,1,0,0,0.001,0.001
P00244,38.0,0,0,0,0.0385,0.001
P00245,91.9,0,3,0,0.2355,0.0679
P00246,40.7,2,2,1,0.1128,0.0405
P00247,43.5,4,2,0,0.1514,0.0637
P00248,87.6,1,0,0,0.0247,0.001
P00249,103.6,5,3,1,0.8212,0.9467
P00250,42.4,4,1,0,0.137,0.0109
P00251,54.5,1,1,0,0.0288,0.0278
P00252,65.1,1,1,0,0.0782,0.001
P00253,85.9,1,0,0,0.0191,0.001
P00254,45.2,1,1,0,0.0643,0.001
P00255,56.3,2,0,0,0.0669,0.001
P00256,71.7,0,1,0,0.0117,0.001
P00257,66.5,2,0,0,0.0887,0.006
P00258,54.4,2,2,0,0.1547,0.0219
P00259,58.0,1,0,0,0.0328,0.0374
P00260,39.4,4,1,0,0.1262,0.001
P00261,56.4,2,0,0,0.0938,0.0158
P00262,56.0,3,3,0,0.1703,0.077
P00263,63.5,2,3,0,0.3138,0.118
P00264,51.7,1,1,0,0.0323,0.001
P00265,67.1,3,1,1,0.1783,0.001
P00266,75.2,1,1,0,0.2291,0.0641
P00267,62.3,1,1,0,0.0148,0.0035
P00268,65.3,2,1,0,0.0697,0.001
P00269,60.8,2,0,0,0.0703,0.0267
P00270,60.0,5,0,0,0.1144,0.0045
P00271,49.2,2,1,0,0.0659,0.001
P00272,64.7,0,0,0,0.001,0.001
P00273,58.5,1,1,0,0.0574,0.0104
P00274,91.4,3,0,0,0.1911,0.0245
P00275,83.6,2,2,0,0.1059,0.0364
P00276,65.8,1,2,0,0.1314,0.0312
P00277,48.6,1,2,0,0.0595,0.001
P00278,43.3,2,2,0,0.1517,0.0078
P00279,77.9,1,1,0,0.0809,0.0377
P00280,63.9,2,0,1,0.1088,0.001
P00281,67.2,1,2,0,0.1591,0.0217
P00282,33.8,1,0,0,0.001,0.0247
P00283,73.9,0,1,1,0.0908,0.0354
P00284,66.8,2,2,0,0.1974,0.0394
P00285,43.3,2,1,0,0.0072,0.0155
P00286,52.9,2,2,0,0.1306,0.001
P00287,64.0,3,1,0,0.256,0.1254
P00288,60.8,4,2,0,0.2865,0.1298
P00289,55.6,3,1,0,0.1458,0.001
P00290,58.4,3,1,0,0.1321,0.0334
P00291,56.2,2,1,0,0.0172,0.001
P00292,62.3,2,2,0,0.1822,0.0425
P00293,82.1,1,3,1,0.2804,0.1471
P00294,21.5,0,0,0,0.0054,0.0356
P00295,56.4,3,1,0,0.1561,0.0307
P00296,62.6,2,0,0,0.032,0.001
P00297,64.4,4,2,0,0.354,0.2298
P00298,54.4,0,0,0,0.001,0.001
P00299,33.6,1,1,0,0.1138,0.0252
P00300,64.9,3,0,0,0.0899,0.008
P00301,85.9,1,0,0,0.0316,0.0093
P00302,37.0,4,0,0,0.0773,0.001
P00303,73.0,1,0,0,0.0752,0.001
P00304,55.1,3,1,0,0.1305,0.001
P00305,59.1,0,2,0,0.0751,0.0357
P00306,44.2,4,2,0,0.2873,0.0578
P00307,55.0,2,3,0,0.2847,0.1094
P00308,79.5,1,0,0,0.0692,0.001
P00309,68.7,1,2,0,0.1144,0.0066
P00310,86.0,2,1,1,0.1691,0.0317
P00311,77.7,5,0,0,0.2336,0.1654
P00312,66.6,3,1,0,0.1989,0.0448
P00313,86.2,1,1,0,0.1371,0.0227
P00314,66.6,1,2,1,0.1991,0.0576
P00315,72.4,1,4,0,0.3285,0.1641
P00316,55.6,3,2,0,0.1568,0.0385
P00317,61.0,3,0,1,0.0316,0.0217
P00318,49.5,2,1,0,0.053,0.0236
P00319,74.8,2,1,0,0.001,0.001
P00320,42.3,1,1,0,0.0091,0.001
P00321,71.7,2,1,0,0.1464,0.012
P00322,57.1,0,0,0,0.0076,0.001
P00323,77.6,4,1,0,0.1916,0.0168
P00324,71.3,3,1,1,0.1679,0.042
P00325,87.3,1,0,0,0.0101,0.001
P00326,71.0,3,2,0,0.3258,0.09
P00327,36.4,1,2,0,0.0533,0.0116
P00328,59.0,3,1,0,0.0382,0.001
P00329,42.4,1,1,0,0.001,0.001
P00330,52.2,1,0,0,0.015,0.001
P00331,82.7,3,2,1,0.3282,0.1634
P00332,69.6,1,0,0,0.0615,0.001
P00333,49.5,3,1,0,0.1371,0.0518
P00334,44.8,5,0,0,0.1586,0.001
P00335,60.5,1,0,0,0.0112,0.0408
P00336,41.8,4,2,0,0.2432,0.0716
P00337,49.9,1,0,0,0.0512,0.0199
P00338,64.7,2,1,1,0.1728,0.0345
P00339,77.3,2,1,0,0.1267,0.018
P00340,69.1,2,3,0,0.1564,0.0605
P00341,25.6,2,1,0,0.0268,0.001
P00342,64.6,6,0,0,0.2286,0.1348
P00343,61.1,2,0,0,0.021,0.001
P00344,66.2,0,2,0,0.068,0.001
P00345,84.2,3,1,0,0.2801,0.0715
P00346,29.1,1,0,0,0.0055,0.0375
P00347,51.1,7,1,1,0.3416,0.1197
P00348,68.9,0,1,0,0.0544,0.0426
P00349,36.3,1,1,0,0.001,0.0419
P00350,82.1,2,0,0,0.1326,0.0803
P00351,65.5,4,0,0,0.1058,0.056
P00352,72.7,1,1,0,0.104,0.0526
P00353,51.4,2,0,0,0.0421,0.0071
P00354,72.2,3,0,0,0.0487,0.0051
P00355,76.0,1,1,0,0.0356,0.0073
P00356,63.5,1,0,0,0.0288,0.001
P00357,63.5,1,1,0,0.003,0.0062
P00358,64.1,2,0,0,0.0337,0.0153
P00359,47.0,1,2,0,0.065,0.001
P00360,57.8,0,0,0,0.001,0.001
P00361,57.7,4,0,0,0.1213,0.0208
P00362,65.8,0,0,0,0.0134,0.001
P00363,75.0,3,1,0,0.3068,0.0735
P00364,44.1,2,1,1,0.0558,0.0029
P00365,58.1,2,0,0,0.0658,0.001
P00366,82.2,5,2,1,0.6566,0.8745
P00367,48.8,0,1,0,0.0029,0.001
P00368,47.7,2,2,0,0.3273,0.1818
P00369,63.0,1,0,0,0.0113,0.0043
P00370,72.7,0,0,0,0.02,0.001
P00371,60.2,0,1,0,0.06,0.0047
P00372,79.9,4,0,1,0.2491,0.069
P00373,72.9,3,3,1,0.5088,0.4679
P00374,72.6,1,1,0,0.0921,0.0251
P00375,68.3,6,3,0,0.499,0.524
P00376,94.9,2,0,1,0.2499,0.0456
P00377,56.9,2,1,0,0.0763,0.001
P00378,29.9,1,0,0,0.0417,0.001
P00379,84.1,0,2,0,0.0528,0.0288
P00380,53.1,0,0,0,0.0307,0.0045
P00381,61.6,2,0,0,0.0282,0.001
P00382,79.6,1,2,1,0.1619,0.0127
P00383,36.0,0,0,0,0.001,0.001
P00384,41.2,3,0,0,0.003,0.001
P00385,36.0,1,0,0,0.0615,0.0187
P00386,48.1,2,0,0,0.001,0.0208
P00387,66.6,5,1,0,0.3475,0.1279
P00388,67.9,0,0,0,0.0042,0.0155
P00389,64.1,0,1,0,0.094,0.0152
P00390,38.8,0,0,0,0.001,0.001
P00391,25.3,3,0,0,0.0081,0.001
P00392,60.8,1,0,0,0.0752,0.0074
P00393,52.9,1,0,0,0.1041,0.0083
P00394,66.9,1,1,0,0.1234,0.001
P00395,70.5,3,2,0,0.0196,0.007
P00396,62.1,1,0,0,0.001,0.0133
P00397,71.4,1,0,0,0.1051,0.0343
P00398,63.4,3,0,0,0.0663,0.001
P00399,68.0,1,1,0,0.0504,0.001
P00400,49.4,1,2,0,0.0686,0.001
P00401,57.3,2,2,0,0.1282,0.0343
P00402,63.0,4,1,0,0.144,0.0175
P00403,72.3,0,0,0,0.0332,0.0133
P00404,54.1,4,0,0,0.1081,0.001
P00405,67.8,3,0,0,0.0437,0.0104
P00406,56.0,0,1,0,0.0022,0.001
P00407,58.2,1,1,0,0.0107,0.001
P00408,72.4,2,0,0,0.0712,0.0358
P00409,30.1,0,1,0,0.0219,0.001
P00410,40.6,1,2,0,0.1414,0.0127
P00411,37.8,2,1,0,0.0589,0.001
P00412,25.0,3,2,0,0.0253,0.0036
P00413,49.8,6,3,0,0.5525,0.6313
P00414,71.2,2,1,1,0.1233,0.0207
P00415,55.7,1,2,0,0.1442,0.0089
P00416,63.0,1,0,0,0.1022,0.0333
P00417,76.3,1,0,0,0.0739,0.0128
P00418,79.9,2,0,0,0.0457,0.0226
P00419,59.0,2,1,0,0.0865,0.0161
P00420,80.3,3,1,0,0.3602,0.201
P00421,61.4,3,0,0,0.0686,0.0014
P00422,47.4,2,1,0,0.1134,0.001
P00423,51.1,2,1,0,0.0774,0.001
P00424,37.8,0,2,0,0.0648,0.0296
P00425,46.7,0,0,0,0.001,0.001
P00426,54.6,1,3,0,0.1537,0.0506
P00427,72.1,4,0,0,0.2195,0.0291
P00428,85.8,0,1,0,0.0672,0.001
P00429,39.3,1,1,0,0.0761,0.0154
P00430,65.9,0,1,0,0.0092,0.001
P00431,44.4,1,1,0,0.0374,0.0069
P00432,67.1,4,1,0,0.2134,0.0715
P00433,58.0,3,2,1,0.1896,0.0238
P00434,32.5,2,3,0,0.0779,0.001
P00435,73.9,1,2,0,0.1867,0.0274
P00436,50.9,3,1,0,0.1364,0.0502
P00437,52.0,3,0,0,0.0583,0.0333
P00438,44.0,0,1,0,0.0018,0.001
P00439,50.2,4,0,0,0.1619,0.0102
P00440,66.4,1,0,0,0.0238,0.001
P00441,57.2,0,0,0,0.001,0.0295
P00442,64.9,0,2,0,0.0531,0.0166
P00443,65.4,2,5,1,0.3537,0.2147
P00444,79.8,3,2,0,0.3746,0.1642
P00445,54.9,1,4,0,0.1932,0.0449
P00446,37.8,2,1,0,0.05,0.0068
P00447,76.0,3,5,0,0.6059,0.7001
P00448,55.0,2,1,0,0.1212,0.014
P00449,76.7,2,1,0,0.2299,0.0621
P00450,65.8,1,1,0,0.1487,0.0517
P00451,58.0,3,0,0,0.1362,0.0299
P00452,65.2,3,2,0,0.0882,0.0232
P00453,89.3,4,1,0,0.3904,0.3654
P00454,91.2,1,0,0,0.0457,0.001
P00455,61.0,1,0,0,0.0133,0.001
P00456,62.4,2,2,0,0.0597,0.0122
P00457,76.1,0,4,0,0.1479,0.0249
P00458,47.3,2,0,0,0.0356,0.001
P00459,65.0,6,0,1,0.3844,0.2492
P00460,59.6,1,1,0,0.0383,0.0103
P00461,64.7,1,0,0,0.0432,0.0105
P00462,47.5,1,2,0,0.0867,0.0272
P00463,36.2,1,0,0,0.0098,0.0154
P00464,28.9,2,0,0,0.0382,0.001
P00465,43.2,4,1,0,0.0912,0.0246
P00466,53.1,1,1,0,0.0475,0.001
P00467,55.6,0,1,0,0.0996,0.0058
P00468,89.1,6,1,1,0.6694,0.7834
P00469,76.6,0,1,0,0.0929,0.001
P00470,45.6,2,1,0,0.0669,0.0094
P00471,65.2,0,1,0,0.0348,0.0199
P00472,53.9,2,0,0,0.0188,0.0148
P00473,55.7,0,2,0,0.0018,0.0267
P00474,62.8,2,1,0,0.0308,0.0501
P00475,69.3,4,2,1,0.3506,0.227
P00476,54.9,1,1,0,0.0276,0.001
P00477,76.0,0,0,0,0.0726,0.0107
P00478,42.9,4,2,0,0.3041,0.1049
P00479,60.1,3,3,1,0.2888,0.1582
P00480,99.0,3,1,0,0.1745,0.0514
P00481,63.3,1,0,0,0.0286,0.001
P00482,81.5,3,0,0,0.1629,0.0492
P00483,61.4,2,0,0,0.0548,0.0375
P00484,68.7,5,0,0,0.3363,0.1444
P00485,59.1,5,0,0,0.0828,0.0193
P00486,57.4,1,2,0,0.1658,0.0118
P00487,48.3,1,1,0,0.001,0.001
P00488,66.5,2,1,0,0.0731,0.0146
P00489,47.2,5,1,0,0.2318,0.0801
P00490,70.0,1,1,0,0.057,0.0165
P00491,76.3,3,1,0,0.0946,0.0362
P00492,65.5,4,1,1,0.1558,0.0465
P00493,55.7,5,1,0,0.2918,0.0987
P00494,66.8,4,2,0,0.2891,0.1161
P00495,55.4,2,1,0,0.0517,0.0171
P00496,74.0,0,0,0,0.0511,0.0387
P00497,32.5,1,1,0,0.0528,0.001
P00498,55.0,1,2,0,0.0622,0.032
P00499,30.1,0,0,0,0.001,0.001
P00500,37.6,1,1,0,0.0413,0.001
P00501,80.5,2,0,0,0.0939,0.001
P00502,73.4,1,3,1,0.2411,0.0902
P00503,49.2,3,0,0,0.039,0.0339
P00504,37.5,1,2,0,0.1054,0.001
P00505,15.5,3,0,0,0.0471,0.0235
P00506,51.8,4,0,1,0.0966,0.0366
P00507,96.3,2,3,0,0.4829,0.4411
P00508,66.5,4,1,0,0.2742,0.0865
P00509,51.6,3,0,0,0.0642,0.0157
P00510,67.0,3,0,0,0.0227,0.001
P00511,36.6,1,1,0,0.0526,0.0032
P00512,55.5,2,2,0,0.0544,0.0451
P00513,61.5,2,2,1,0.132,0.0105
P00514,58.7,1,1,0,0.026,0.0176
P00515,71.9,5,1,0,0.2086,0.0971
P00516,65.2,3,1,0,0.1118,0.0246
P00517,70.0,3,0,0,0.1152,0.0088
P00518,49.7,0,1,0,0.027,0.0351
P00519,73.5,5,3,0,0.7244,0.9639
P00520,84.4,0,1,1,0.0818,0.0219
P00521,45.4,1,0,0,0.0338,0.032
P00522,46.7,1,0,0,0.0012,0.001
P00523,80.0,1,0,0,0.1063,0.001
P00524,57.1,1,3,0,0.1584,0.0495
P00525,81.1,2,1,0,0.2247,0.099
P00526,53.4,4,3,1,0.473,0.468
P00527,81.8,3,1,0,0.2371,0.0672
P00528,62.0,4,1,0,0.094,0.0245
P00529,63.9,2,0,0,0.0231,0.001
P00530,83.5,0,0,0,0.001,0.0014
P00531,54.6,4,0,0,0.1617,0.0219
P00532,45.9,3,2,0,0.1891,0.0171
P00533,53.3,1,2,0,0.0828,0.001
P00534,66.8,2,1,1,0.158,0.001
P00535,36.5,2,1,0,0.1434,0.001
P00536,69.6,2,0,1,0.0482,0.0177
P00537,51.9,1,1,0,0.0719,0.0088
P00538,77.2,1,2,0,0.1148,0.001
P00539,24.1,0,1,0,0.001,0.011
P00540,48.2,1,1,0,0.0748,0.001
P00541,34.7,1,3,0,0.0089,0.0189
P00542,47.6,3,2,0,0.1049,0.0235
P00543,63.7,1,3,0,0.3457,0.1736
P00544,57.3,1,2,0,0.0284,0.001
P00545,56.2,2,0,0,0.001,0.052
P00546,57.6,2,0,0,0.0495,0.001
P00547,63.1,3,0,1,0.0461,0.0083
P00548,44.9,1,1,0,0.0579,0.0161
P00549,70.6,1,2,0,0.1197,0.001
P00550,69.9,2,2,0,0.1718,0.001
P00551,65.8,0,0,0,0.001,0.001
P00552,68.3,3,0,0,0.0305,0.0187
P00553,64.4,0,0,0,0.001,0.001
P00554,90.5,1,0,0,0.1128,0.001
P00555,58.7,3,1,0,0.1009,0.0241
P00556,55.4,0,0,0,0.0148,0.001
P00557,48.7,0,0,0,0.0172,0.001
P00558,44.5,2,2,0,0.0904,0.001
P00559,41.3,2,0,0,0.001,0.0066
P00560,46.7,1,3,0,0.0826,0.0076
P00561,58.9,6,3,1,0.6868,0.8721
P00562,65.0,6,3,1,0.7792,0.9403
P00563,60.8,4,1,1,0.2293,0.0489
P00564,48.5,3,1,0,0.0597,0.001
P00565,73.5,4,2,1,0.3946,0.2632
P00566,71.1,4,0,0,0.0597,0.0323
P00567,57.6,1,0,0,0.0523,0.001
P00568,50.2,2,2,0,0.0982,0.001
P00569,68.2,3,0,0,0.0353,0.001
P00570,62.8,1,2,0,0.0794,0.001
P00571,38.3,3,0,0,0.0443,0.001
P00572,59.0,1,1,1,0.0959,0.0181
P00573,63.9,2,0,0,0.1193,0.001
P00574,46.5,2,0,0,0.002,0.0064
P00575,62.8,1,0,0,0.0448,0.001
P00576,38.2,3,0,0,0.001,0.001
P00577,80.0,6,0,1,0.4979,0.5079
P00578,78.7,1,2,0,0.1508,0.0062
P00579,56.2,2,1,1,0.1216,0.0212
P00580,65.5,3,0,1,0.1075,0.001
P00581,23.9,2,0,0,0.0306,0.001
P00582,42.7,2,0,0,0.0024,0.001
P00583,55.6,1,1,0,0.0354,0.0151
P00584,43.9,1,1,0,0.001,0.0111
P00585,70.7,4,1,0,0.3069,0.0151
P00586,90.0,0,1,0,0.1118,0.0206
P00587,42.4,1,3,0,0.0822,0.001
P00588,47.4,1,1,0,0.061,0.001
P00589,63.5,1,2,0,0.0277,0.0018
P00590,84.2,4,1,1,0.2419,0.0819
P00591,41.7,1,1,0,0.0544,0.0111
P00592,63.7,2,0,0,0.0373,0.0151
P00593,87.3,3,1,0,0.2697,0.1712
P00594,35.2,2,4,1,0.2203,0.055
P00595,40.8,2,2,0,0.0872,0.0013
P00596,53.6,3,1,0,0.1242,0.001
P00597,52.2,2,1,0,0.0883,0.001
P00598,72.2,1,1,0,0.0567,0.0325
P00599,63.6,1,1,0,0.1746,0.001
P00600,33.4,3,1,0,0.0516,0.001
P00601,67.7,5,1,1,0.4488,0.2808
P00602,51.3,1,0,0,0.0231,0.0404
P00603,79.1,1,2,1,0.0912,0.0117
P00604,50.6,2,1,0,0.0847,0.001
P00605,50.5,2,1,0,0.0292,0.001
P00606,68.1,1,1,0,0.0654,0.0044
P00607,71.4,1,0,0,0.001,0.0061
P00608,66.7,3,0,0,0.1087,0.001
P00609,34.7,2,0,0,0.0216,0.0206
P00610,68.1,2,2,0,0.2284,0.0404
P00611,44.5,0,2,0,0.02,0.0176
P00612,63.5,0,0,0,0.0104,0.001
P00613,38.6,2,1,0,0.0583,0.005
P00614,66.7,1,2,1,0.1858,0.0342
P00615,47.9,4,1,0,0.0976,0.0369
P00616,40.8,1,1,0,0.001,0.0029
P00617,70.7,4,0,0,0.1084,0.013
P00618,63.6,4,0,0,0.0997,0.001
P00619,50.8,1,0,1,0.0033,0.001
P00620,81.8,0,1,0,0.1234,0.0227
P00621,53.4,1,0,0,0.0091,0.0166
P00622,60.5,3,3,0,0.3754,0.2288
P00623,64.0,5,1,0,0.3651,0.1635
P00624,50.7,3,1,1,0.2029,0.0563
P00625,67.1,2,2,0,0.0456,0.0101
P00626,52.0,2,3,0,0.3048,0.0258
P00627,53.8,3,1,0,0.0665,0.001
P00628,80.4,3,0,0,0.0389,0.001
P00629,44.4,4,1,0,0.1035,0.0116
P00630,23.8,1,1,0,0.0364,0.001
P00631,84.2,2,1,0,0.1212,0.0021
P00632,98.2,0,0,1,0.1065,0.001
P00633,53.9,0,1,0,0.0603,0.001
P00634,30.9,1,2,1,0.0723,0.001
P00635,55.3,1,0,0,0.0585,0.0155
P00636,55.7,2,2,0,0.0643,0.0118
P00637,57.2,2,0,0,0.0423,0.0035
P00638,43.3,3,2,0,0.2395,0.043
P00639,68.7,3,0,0,0.0656,0.001
P00640,67.9,1,0,0,0.1189,0.001
P00641,37.6,0,0,0,0.001,0.001
P00642,70.5,2,4,0,0.6817,0.8611
P00643,90.8,0,1,0,0.0271,0.0151
P00644,62.6,1,0,0,0.0324,0.0096
P00645,54.9,1,1,0,0.0773,0.0267
P00646,57.9,2,4,0,0.6138,0.5881
P00647,69.2,1,0,0,0.0041,0.001
P00648,34.0,1,3,0,0.0946,0.026
P00649,62.5,1,0,0,0.0326,0.0037
P00650,54.1,1,0,0,0.0565,0.001
P00651,87.7,2,3,0,0.6269,0.6673
P00652,57.4,1,1,0,0.1036,0.0137
P00653,85.0,1,0,0,0.0982,0.0051
P00654,43.4,4,1,0,0.1128,0.001
P00655,68.8,1,1,0,0.0642,0.0278
P00656,64.8,0,2,0,0.0655,0.0071
P00657,47.0,0,0,0,0.001,0.001
P00658,62.7,2,3,1,0.2052,0.0784
P00659,78.2,3,2,0,0.26,0.0797
P00660,55.1,1,2,0,0.1738,0.0279
P00661,34.6,1,2,0,0.0314,0.0185
P00662,59.7,1,1,0,0.108,0.017
P00663,46.5,1,3,0,0.145,0.0209
P00664,54.9,1,3,0,0.1269,0.0188
P00665,58.8,2,0,0,0.0463,0.0385
P00666,34.4,1,1,1,0.0772,0.001
P00667,35.8,2,0,0,0.0371,0.0066
P00668,67.2,5,4,1,0.8552,0.9631
P00669,52.2,3,1,0,0.1217,0.0099
P00670,21.5,2,2,0,0.1063,0.001
P00671,71.8,1,0,0,0.001,0.0048
P00672,64.1,3,1,0,0.17,0.0342
P00673,49.3,1,1,0,0.0308,0.001
P00674,40.2,2,0,0,0.001,0.001
P00675,72.5,1,1,0,0.1075,0.0368
P00676,65.2,4,2,0,0.2069,0.0258
P00677,95.7,3,1,1,0.3302,0.1581
P00678,66.3,5,0,0,0.1869,0.0609
P00679,65.8,1,1,0,0.0205,0.0032
P00680,57.5,4,2,0,0.3998,0.3806
P00681,72.3,2,0,0,0.0267,0.0218
P00682,69.4,1,1,0,0.0608,0.001
P00683,78.8,3,1,0,0.2881,0.1021
P00684,52.2,2,1,0,0.032,0.001
P00685,53.5,2,2,0,0.0181,0.001
P00686,52.8,3,1,0,0.1483,0.052
P00687,71.9,1,1,0,0.1005,0.001
P00688,82.5,2,0,0,0.1253,0.001
P00689,53.1,1,1,0,0.0203,0.001
P00690,53.6,4,1,0,0.0142,0.0346
P00691,64.7,2,0,0,0.0105,0.001
P00692,56.3,1,0,0,0.0086,0.001
P00693,74.3,4,2,0,0.2402,0.0659
P00694,26.2,4,1,0,0.0821,0.0016
P00695,47.6,3,2,1,0.1542,0.0323
P00696,48.3,5,1,0,0.2376,0.0774
P00697,25.2,4,0,0,0.0786,0.001
P00698,45.5,3,0,0,0.0154,0.001
P00699,46.3,0,0,0,0.0062,0.001
P00700,57.0,4,1,1,0.1013,0.0281
P00701,76.7,1,1,0,0.0777,0.001
P00702,56.3,2,1,0,0.0524,0.0183
P00703,44.5,0,1,0,0.0446,0.0177
P00704,59.1,2,2,0,0.1944,0.0248
P00705,75.7,1,2,0,0.1781,0.0352
P00706,45.4,2,3,0,0.1918,0.0459
P00707,46.3,0,0,0,0.001,0.023
P00708,68.4,1,1,0,0.0254,0.0428
P00709,56.7,1,2,0,0.0579,0.001
P00710,69.7,2,3,1,0.4233,0.2505
P00711,59.8,2,1,0,0.0551,0.0272
P00712,70.5,0,3,0,0.0759,0.001
P00713,44.5,2,1,0,0.0636,0.001
P00714,59.8,5,0,0,0.1385,0.0062
P00715,56.8,5,0,0,0.1739,0.008
P00716,41.8,4,1,0,0.2204,0.0289
P00717,36.5,0,2,0,0.0539,0.001
P00718,70.3,0,3,0,0.1812,0.0501
P00719,54.7,1,0,0,0.0469,0.001
P00720,44.7,3,2,0,0.1477,0.001
P00721,58.6,1,0,0,0.013,0.0137
P00722,76.9,2,2,1,0.1404,0.0388
P00723,25.8,2,3,0,0.136,0.001
P00724,37.6,3,1,0,0.056,0.0131
P00725,46.2,0,1,0,0.0459,0.0267
P00726,81.9,1,1,0,0.1748,0.0128
P00727,64.2,2,0,0,0.1084,0.001
P00728,71.5,0,2,0,0.1056,0.0244
P00729,42.9,1,0,0,0.1385,0.0355
P00730,43.2,1,0,0,0.0189,0.001
P00731,66.7,2,3,0,0.0954,0.0153
P00732,60.9,0,3,0,0.1314,0.0399
P00733,68.2,1,0,0,0.0722,0.0026
P00734,57.2,2,1,0,0.029,0.001
P00735,64.2,1,2,0,0.0222,0.0101
P00736,62.4,2,1,0,0.0917,0.001
P00737,71.7,2,2,0,0.0915,0.001
P00738,72.1,1,1,1,0.0566,0.001
P00739,35.7,5,2,0,0.259,0.0869
P00740,26.3,2,2,0,0.0377,0.001
P00741,75.0,1,3,0,0.3036,0.2069
P00742,77.8,2,1,0,0.1368,0.0452
P00743,44.7,1,1,0,0.0327,0.0033
P00744,32.1,2,0,0,0.0362,0.0064
P00745,61.5,0,0,0,0.001,0.0078
P00746,74.0,2,1,0,0.0813,0.0141
P00747,87.0,4,2,1,0.4913,0.4835
P00748,67.7,4,0,0,0.1925,0.008
P00749,54.4,4,0,0,0.0499,0.0019
P00750,46.6,0,0,0,0.001,0.001
P00751,60.2,2,3,0,0.318,0.2184
P00752,55.5,1,0,0,0.0072,0.0222
P00753,44.8,2,0,0,0.0286,0.007
P00754,90.7,2,1,1,0.2446,0.0187
P00755,86.8,2,0,0,0.0659,0.001
P00756,77.0,0,1,0,0.0214,0.001
P00757,46.2,0,0,0,0.036,0.001
P00758,72.8,0,1,1,0.1128,0.001
P00759,69.6,3,0,0,0.0796,0.0122
P00760,66.6,3,0,0,0.1678,0.0093
P00761,78.7,3,0,0,0.0466,0.0385
P00762,69.5,0,3,0,0.1622,0.0331
P00763,71.1,3,2,1,0.3014,0.1548
P00764,69.6,2,3,1,0.2338,0.0749
P00765,65.1,1,1,0,0.1113,0.0246
P00766,33.2,5,2,0,0.2478,0.0892
P00767,61.3,2,3,1,0.179,0.0021
P00768,51.7,1,0,0,0.0319,0.001
P00769,40.8,0,0,0,0.0479,0.001
P00770,85.2,3,0,0,0.1286,0.004
P00771,85.9,1,1,0,0.0615,0.001
P00772,80.4,2,2,0,0.24,0.0651
P00773,63.8,0,0,0,0.0413,0.001
P00774,80.3,0,1,0,0.0075,0.001
P00775,60.2,2,1,0,0.149,0.001
P00776,63.0,0,1,0,0.0474,0.001
P00777,43.6,1,1,0,0.0344,0.001
P00778,66.0,6,0,0,0.235,0.0765
P00779,60.9,0,1,0,0.0361,0.0123
P00780,40.5,1,2,0,0.1265,0.0207
P00781,59.2,4,0,0,0.0135,0.001
P00782,58.8,2,0,0,0.069,0.001
P00783,87.0,3,2,1,0.6121,0.6836
P00784,73.4,2,1,0,0.0899,0.0387
P00785,60.2,1,1,0,0.0335,0.0182
P00786,63.7,0,0,0,0.0315,0.0071
P00787,60.7,1,1,0,0.0545,0.0248
P00788,57.0,1,1,0,0.0756,0.0362
P00789,43.8,2,3,0,0.1618,0.0207
P00790,57.7,0,1,0,0.001,0.0299
P00791,48.8,2,1,0,0.001,0.001
P00792,41.2,3,3,0,0.1914,0.0452
P00793,67.7,1,1,0,0.0806,0.0165
P00794,65.9,1,2,0,0.2789,0.0371
P00795,33.2,3,0,0,0.001,0.001
P00796,58.2,1,1,0,0.0551,0.001
P00797,74.9,1,1,0,0.0015,0.001
P00798,75.9,3,0,0,0.1277,0.0405
P00799,75.4,1,0,0,0.0486,0.0426
P00800,60.6,4,0,0,0.1008,0.001
P00801,47.3,1,1,0,0.0808,0.0176
P00802,43.7,1,2,0,0.0326,0.0306
P00803,65.2,2,0,0,0.0372,0.0068
P00804,65.7,0,2,0,0.1888,0.0551
P00805,79.3,0,0,0,0.0206,0.001
P00806,76.5,2,1,0,0.191,0.0242
P00807,58.0,2,1,0,0.0805,0.0196
P00808,41.3,1,1,0,0.0492,0.0093
P00809,55.2,1,1,0,0.0572,0.0113
P00810,63.3,0,1,0,0.0491,0.001
P00811,57.0,3,1,0,0.1186,0.001
P00812,51.3,3,0,0,0.0888,0.0266
P00813,63.8,1,1,0,0.0499,0.001
P00814,52.4,0,0,0,0.001,0.0126
P00815,50.6,3,3,1,0.2893,0.1526
P00816,64.7,2,2,0,0.1497,0.001
P00817,54.0,1,1,0,0.003,0.001
P00818,63.7,5,2,1,0.4432,0.4017
P00819,64.1,1,1,0,0.0951,0.004
P00820,42.9,0,0,0,0.0031,0.001
P00821,52.8,3,2,0,0.1899,0.0706
P00822,81.6,2,0,0,0.0556,0.001
P00823,42.6,1,1,0,0.0308,0.001
P00824,28.3,3,0,0,0.0371,0.0111
P00825,32.1,1,2,0,0.0562,0.001
P00826,60.4,3,1,0,0.0817,0.0186
P00827,60.5,5,3,0,0.7508,0.8313
P00828,58.2,3,0,0,0.0377,0.0151
P00829,78.2,2,1,0,0.0964,0.0089
P00830,19.9,2,0,0,0.001,0.001
P00831,65.9,1,2,0,0.2925,0.097
P00832,83.4,4,4,1,0.679,0.8379
P00833,43.1,2,0,0,0.0252,0.0291
P00834,54.3,0,0,0,0.001,0.008
P00835,48.7,2,4,0,0.2175,0.0773
P00836,46.6,3,0,0,0.0687,0.001
P00837,55.1,1,1,0,0.0418,0.001
P00838,81.4,0,2,0,0.0869,0.0053
P00839,87.6,1,0,0,0.0079,0.001
P00840,55.0,2,1,0,0.0485,0.0303
P00841,88.6,0,1,0,0.0959,0.0068
P00842,60.5,4,2,1,0.3335,0.135
P00843,86.3,2,1,0,0.2761,0.071
P00844,58.6,2,2,1,0.1987,0.0512
P00845,62.0,3,0,0,0.0779,0.001
P00846,65.5,2,3,0,0.2175,0.0444
P00847,107.7,1,0,0,0.085,0.0273
P00848,72.8,0,2,0,0.001,0.001
P00849,49.4,3,1,0,0.0804,0.001
P00850,74.5,3,1,0,0.188,0.0277
P00851,54.6,0,5,0,0.3931,0.3431
P00852,52.7,1,3,0,0.1432,0.0205
P00853,73.6,2,0,0,0.0504,0.001
P00854,60.5,2,2,0,0.0415,0.0243
P00855,64.2,3,1,0,0.1113,0.0191
P00856,60.2,1,0,0,0.09,0.0089
P00857,65.0,2,1,0,0.0383,0.0139
P00858,66.4,2,0,0,0.0678,0.001
P00859,30.9,2,0,0,0.001,0.0062
P00860,70.0,2,2,0,0.2195,0.0932
P00861,45.3,0,0,0,0.001,0.0228
P00862,38.4,1,1,0,0.0306,0.0168
P00863,59.1,6,1,0,0.2896,0.1135
P00864,61.3,3,1,1,0.2282,0.0035
P00865,49.6,2,1,0,0.08,0.0016
P00866,72.5,2,0,0,0.0947,0.001
P00867,39.9,1,0,0,0.001,0.0257
P00868,53.9,5,0,0,0.167,0.0542
P00869,51.2,2,0,0,0.0599,0.001
P00870,59.3,0,1,0,0.0787,0.001
P00871,64.2,4,0,0,0.2894,0.0757
P00872,44.9,1,0,0,0.0542,0.0183
P00873,70.9,1,3,0,0.4004,0.2092
P00874,60.9,2,1,0,0.1681,0.001
P00875,31.6,3,2,0,0.1691,0.0287
P00876,30.6,3,1,0,0.0626,0.001
P00877,59.8,1,0,0,0.0276,0.0034
P00878,56.7,2,1,0,0.0551,0.0168
P00879,58.4,1,2,0,0.1116,0.0346
P00880,59.6,2,1,0,0.0292,0.001
P00881,63.4,1,1,1,0.0538,0.0065
P00882,74.2,0,0,0,0.038,0.014
P00883,43.3,1,2,0,0.0852,0.001
P00884,42.4,3,2,0,0.0689,0.019
P00885,43.6,2,0,0,0.0369,0.0084
P00886,64.3,1,1,0,0.1135,0.001
P00887,78.7,0,0,0,0.0253,0.003
P00888,53.5,3,2,0,0.1206,0.0079
P00889,22.5,1,1,0,0.001,0.0157
P00890,34.4,3,3,0,0.1297,0.0137
P00891,47.5,3,2,0,0.1462,0.0156
P00892,51.6,2,2,0,0.0889,0.001
P00893,53.9,1,0,0,0.0349,0.001
P00894,60.6,2,1,0,0.2098,0.0505
P00895,55.3,0,2,0,0.0305,0.001
P00896,75.7,0,0,0,0.0461,0.0175
P00897,49.9,0,1,0,0.0622,0.012
P00898,47.1,2,1,0,0.0935,0.001
P00899,67.2,4,1,0,0.2709,0.1098
P00900,37.0,3,0,1,0.0756,0.001
P00901,65.8,3,2,0,0.1701,0.018
P00902,61.5,2,1,0,0.098,0.0023
P00903,57.8,4,2,1,0.4763,0.3293
P00904,83.8,1,0,0,0.0773,0.0128
P00905,50.7,1,0,0,0.0037,0.0031
P00906,90.9,1,3,0,0.2832,0.1347
P00907,56.6,2,1,0,0.0141,0.001
P00908,40.8,3,0,0,0.0541,0.001
P00909,61.0,2,1,0,0.1021,0.0401
P00910,43.9,1,0,0,0.0166,0.001
P00911,48.7,2,1,0,0.0332,0.001
P00912,66.0,0,1,0,0.0548,0.001
P00913,68.3,2,0,0,0.0519,0.001
P00914,50.7,2,0,0,0.001,0.001
P00915,74.8,2,0,0,0.102,0.0148
P00916,77.4,3,0,0,0.2101,0.0249
P00917,81.5,0,1,0,0.1813,0.001
P00918,67.9,1,0,0,0.0519,0.001
P00919,80.5,2,0,0,0.1001,0.0095
P00920,31.8,0,1,0,0.0196,0.015
P00921,55.2,0,2,0,0.0578,0.0499
P00922,47.0,3,0,0,0.0772,0.0201
P00923,61.8,1,2,0,0.2013,0.0058
P00924,51.4,3,1,0,0.1263,0.0363
P00925,57.5,2,0,0,0.046,0.0055
P00926,88.2,4,1,0,0.6759,0.7885
P00927,57.5,1,0,0,0.001,0.0096
P00928,66.2,2,1,1,0.233,0.0281
P00929,56.5,3,0,0,0.1157,0.0186
P00930,61.1,1,0,0,0.1031,0.001
P00931,60.1,0,1,0,0.001,0.001
P00932,66.7,1,3,0,0.2132,0.115
P00933,77.5,2,1,0,0.2099,0.0467
P00934,84.7,6,2,1,0.552,0.7112
P00935,64.6,1,2,0,0.052,0.023
P00936,68.8,1,3,0,0.0463,0.0074
P00937,42.7,2,0,0,0.0634,0.001
P00938,58.7,1,3,0,0.0952,0.0358
P00939,74.1,3,0,0,0.102,0.0039
P00940,73.0,1,0,0,0.1326,0.0154
P00941,63.2,3,1,0,0.2987,0.1048
P00942,73.3,3,2,0,0.2214,0.0199
P00943,67.4,4,1,0,0.2622,0.0972
P00944,78.0,1,0,0,0.1235,0.0069
P00945,64.3,3,1,0,0.1367,0.0019
P00946,54.7,3,0,0,0.0715,0.0169
P00947,65.0,1,0,0,0.0508,0.0112
P00948,16.0,3,0,0,0.0228,0.0326
P00949,65.7,4,2,0,0.2974,0.0706
P00950,5.3,0,1,0,0.0226,0.001
P00951,34.1,0,1,0,0.0321,0.001
P00952,66.8,2,1,0,0.0597,0.0475
P00953,67.2,1,1,0,0.069,0.0144
P00954,42.6,1,1,0,0.0015,0.001
P00955,49.3,1,1,0,0.0618,0.0361
P00956,80.6,1,2,0,0.2382,0.0493
P00957,52.7,2,0,0,0.0076,0.001
P00958,93.6,0,0,0,0.0413,0.001
P00959,60.0,0,2,0,0.0709,0.001
P00960,66.1,3,0,0,0.0695,0.001
P00961,84.3,2,0,0,0.1154,0.0108
P00962,62.0,3,0,0,0.0584,0.0162
P00963,45.0,1,1,0,0.0766,0.001
P00964,58.4,2,0,0,0.0266,0.0061
P00965,59.5,2,3,0,0.3967,0.3359
P00966,39.5,2,2,0,0.1462,0.0134
P00967,56.2,2,0,0,0.0477,0.001
P00968,48.9,1,3,1,0.2202,0.0338
P00969,73.9,4,3,1,0.6358,0.8217
P00970,60.5,3,0,0,0.0827,0.001
P00971,55.8,1,1,0,0.0834,0.0073
P00972,58.4,2,2,0,0.2988,0.1186
P00973,63.3,1,1,1,0.0068,0.0233
P00974,69.3,3,1,0,0.3402,0.2129
P00975,45.0,2,2,0,0.1639,0.001
P00976,44.4,2,0,0,0.0016,0.001
P00977,76.6,2,0,0,0.069,0.0103
P00978,53.8,3,1,0,0.0717,0.001
P00979,38.7,5,0,1,0.0727,0.001
P00980,66.7,1,1,0,0.0312,0.001
P00981,67.0,3,1,0,0.1102,0.0285
P00982,37.0,2,0,0,0.001,0.001
P00983,63.4,3,0,0,0.1002,0.001
P00984,71.0,1,2,0,0.1234,0.0282
P00985,65.6,3,2,0,0.1922,0.0363
P00986,69.5,1,1,0,0.0257,0.0213
P00987,38.9,5,0,0,0.1232,0.0062
P00988,65.0,2,1,0,0.0642,0.0076
P00989,55.5,3,0,0,0.0673,0.0045
P00990,52.8,2,0,0,0.0657,0.0287
P00991,73.1,2,3,1,0.3022,0.1639
P00992,82.2,1,2,1,0.1075,0.0308
P00993,86.9,1,0,0,0.1079,0.001
P00994,79.7,0,1,0,0.0698,0.001
P00995,58.4,1,1,0,0.0368,0.0181
P00996,65.3,0,0,0,0.0362,0.0277
P00997,71.5,2,3,0,0.3397,0.2662
P00998,61.8,3,1,0,0.0819,0.0061
P00999,62.0,1,0,0,0.0016,0.0147
P01000,72.4,4,1,1,0.2185,0.088
P01001,59.1,1,1,0,0.0943,0.0112
P01002,49.1,2,0,0,0.0644,0.0046
P01003,53.8,1,1,0,0.0714,0.0028
P01004,69.5,0,0,0,0.0779,0.001
P01005,60.0,3,1,0,0.1249,0.001
P01006,65.1,1,0,0,0.0894,0.001
P01007,70.1,2,2,0,0.0768,0.001
P01008,54.4,2,1,0,0.0552,0.004
P01009,71.3,1,1,0,0.001,0.0022
P01010,65.7,4,2,0,0.2622,0.1751
P01011,41.5,1,0,0,0.0066,0.0253
P01012,81.6,2,0,0,0.2672,0.1168
P01013,52.5,2,0,0,0.031,0.0295
P01014,35.2,5,2,0,0.3534,0.1282
P01015,44.3,3,3,0,0.2115,0.0152
P01016,44.7,1,0,0,0.0066,0.0187
P01017,60.8,0,0,0,0.072,0.0281
P01018,55.9,1,0,0,0.0584,0.0312
P01019,54.9,2,1,0,0.0575,0.0107
P01020,69.3,3,0,0,0.0642,0.001
P01021,65.1,1,1,0,0.0954,0.0177
P01022,64.7,1,0,0,0.001,0.0115
P01023,66.1,2,1,0,0.1171,0.037
P01024,69.2,1,2,0,0.0868,0.0405
P01025,28.4,2,0,0,0.0257,0.0189
P01026,54.5,1,0,0,0.0193,0.001
P01027,27.3,2,0,0,0.001,0.001
P01028,60.5,2,2,0,0.0941,0.0263
P01029,59.9,1,0,0,0.0305,0.001
P01030,75.7,1,2,0,0.0947,0.0367
P01031,77.8,3,0,1,0.1094,0.001
P01032,63.0,2,1,0,0.0782,0.0169
P01033,52.5,2,2,0,0.0528,0.0102
P01034,67.3,2,1,0,0.0127,0.001
P01035,52.1,1,0,0,0.0015,0.001
P01036,60.0,1,0,0,0.0248,0.001
P01037,74.8,2,1,0,0.079,0.001
P01038,51.6,3,0,0,0.0547,0.001
P01039,72.1,2,1,0,0.0609,0.0237
P01040,70.2,2,2,1,0.1775,0.0085
P01041,45.7,6,2,1,0.5511,0.6594
P01042,74.6,1,4,0,0.376,0.3104
P01043,70.5,3,1,0,0.2021,0.0366
P01044,61.5,2,1,0,0.1084,0.001
P01045,48.6,1,1,0,0.001,0.0422
P01046,47.1,2,1,0,0.1302,0.01
P01047,51.9,3,2,0,0.4077,0.1905
P01048,68.1,2,0,0,0.1164,0.001
P01049,45.7,2,0,0,0.1133,0.001
P01050,66.6,0,1,0,0.0599,0.001
P01051,41.4,1,1,0,0.001,0.001
P01052,56.9,3,0,0,0.0488,0.001
P01053,61.6,1,1,0,0.0392,0.001
P01054,96.7,2,3,1,0.7523,0.8877
P01055,39.3,0,0,0,0.0568,0.0165
P01056,82.1,2,2,0,0.1801,0.0548
P01057,62.2,3,1,0,0.0645,0.0015
P01058,66.2,4,0,0,0.1857,0.0604
P01059,61.8,1,2,1,0.1977,0.001
P01060,66.7,1,1,0,0.0655,0.003
P01061,57.7,0,2,0,0.0352,0.0048
P01062,81.8,0,2,0,0.0521,0.001
P01063,53.2,2,0,0,0.0955,0.0136
P01064,77.0,3,0,1,0.132,0.0322
P01065,50.3,3,3,1,0.289,0.0874
P01066,59.1,1,1,0,0.0847,0.0362
P01067,43.9,3,1,1,0.1865,0.0395
P01068,66.8,0,0,0,0.0023,0.0337
P01069,81.7,1,0,0,0.001,0.0103
P01070,58.8,1,2,0,0.0571,0.0425
P01071,57.0,3,0,1,0.0342,0.026
P01072,43.3,0,1,0,0.0032,0.0046
P01073,56.6,1,0,0,0.0128,0.001
P01074,36.1,1,5,0,0.1643,0.001
P01075,46.3,4,0,0,0.1428,0.0268
P01076,63.4,0,2,0,0.0399,0.0033
P01077,79.8,4,1,0,0.5569,0.5799
P01078,102.1,2,0,0,0.1351,0.0264
P01079,51.2,1,1,0,0.1051,0.0071
P01080,81.5,1,2,0,0.1459,0.0341
P01081,63.7,0,1,0,0.0381,0.001
P01082,57.7,0,0,0,0.001,0.0205
P01083,66.5,1,0,0,0.1315,0.0133
P01084,60.9,0,0,0,0.0595,0.024
P01085,61.7,1,0,0,0.0327,0.0199
P01086,53.9,4,0,0,0.0244,0.0013
P01087,39.0,0,0,0,0.0454,0.001
P01088,36.8,1,0,0,0.001,0.0358
P01089,69.8,0,1,0,0.0522,0.001
P01090,55.8,1,1,0,0.001,0.0151
P01091,51.1,0,0,0,0.0772,0.001
P01092,60.1,2,2,0,0.1476,0.0028
P01093,71.9,0,0,0,0.0251,0.001
P01094,62.7,1,2,0,0.0208,0.0134
P01095,50.2,3,0,0,0.0357,0.0148
P01096,78.4,2,0,0,0.0471,0.0105
P01097,83.7,0,1,0,0.1549,0.0355
P01098,67.4,2,0,0,0.0212,0.0085
P01099,74.6,1,2,0,0.2164,0.02
P01100,78.6,1,0,0,0.0206,0.0135
P01101,77.0,2,1,0,0.1372,0.0234
P01102,69.2,0,2,0,0.0448,0.001
P01103,69.0,2,0,0,0.0667,0.0111
P01104,67.8,4,0,0,0.1567,0.0216
P01105,43.5,2,0,0,0.0446,0.001
P01106,70.5,2,2,0,0.219,0.0485
P01107,39.7,2,1,0,0.0782,0.0305
P01108,48.1,3,1,1,0.2097,0.0983
P01109,79.6,6,1,1,0.5924,0.6756
P01110,72.6,1,4,0,0.2056,0.0255
P01111,82.3,4,1,0,0.4124,0.39
P01112,55.9,1,1,0,0.0568,0.0354
P01113,42.7,2,0,0,0.0953,0.0247
P01114,56.4,2,1,0,0.189,0.0349
P01115,61.5,5,1,0,0.2703,0.0351
P01116,61.2,1,2,0,0.1327,0.0158
P01117,77.0,3,0,0,0.1051,0.0039
P01118,54.6,0,0,0,0.001,0.0138
P01119,65.3,3,0,0,0.1072,0.003
P01120,45.2,1,0,0,0.001,0.001
P01121,66.8,1,1,0,0.14,0.0194
P01122,60.0,2,0,1,0.0627,0.001
P01123,48.8,0,0,0,0.0158,0.001
P01124,56.5,2,1,0,0.0718,0.0066
P01125,57.2,0,0,0,0.0423,0.0268
P01126,55.9,2,1,0,0.0679,0.017
P01127,86.6,1,1,1,0.1755,0.0687
P01128,58.5,3,2,0,0.1066,0.0468
P01129,56.3,3,2,0,0.221,0.0808
P01130,28.5,3,1,0,0.0159,0.001
P01131,46.6,2,1,0,0.0648,0.0417
P01132,56.1,0,0,0,0.0394,0.0431
P01133,49.7,3,0,0,0.1043,0.0126
P01134,80.7,3,0,0,0.1794,0.0309
P01135,57.5,7,0,0,0.4488,0.3125
P01136,79.3,3,1,1,0.2929,0.0695
P01137,60.9,1,2,0,0.1183,0.001
P01138,60.6,5,1,0,0.2102,0.027
P01139,58.7,2,0,0,0.0204,0.0113
P01140,60.1,3,3,0,0.6545,0.8657
P01141,85.8,2,3,1,0.652,0.7052
P01142,25.2,2,0,0,0.035,0.0026
P01143,30.0,1,0,0,0.0455,0.001
P01144,51.9,1,0,0,0.0067,0.0332
P01145,60.2,1,2,0,0.0918,0.001
P01146,70.4,4,0,0,0.0141,0.001
P01147,67.1,2,1,0,0.0649,0.0097
P01148,54.2,2,1,0,0.126,0.0231
P01149,75.3,2,0,0,0.1209,0.001
P01150,75.5,1,1,0,0.0833,0.001
P01151,62.8,2,0,0,0.0113,0.001
P01152,74.4,2,0,0,0.1202,0.0204
P01153,64.1,2,0,0,0.0774,0.0246
P01154,51.6,2,0,0,0.1091,0.001
P01155,70.5,2,1,0,0.153,0.0355
P01156,61.7,3,1,1,0.1467,0.0442
P01157,60.0,6,4,0,0.7835,0.9533
P01158,82.1,2,1,0,0.1675,0.001
P01159,23.2,1,1,0,0.0358,0.001
P01160,38.7,3,1,0,0.0423,0.001
P01161,42.2,0,2,0,0.001,0.031
P01162,54.6,4,0,0,0.07,0.0051
P01163,56.2,3,0,0,0.1181,0.001
P01164,37.4,0,1,0,0.019,0.003
P01165,45.2,2,0,0,0.001,0.001
P01166,47.1,2,1,0,0.1025,0.0154
P01167,96.9,1,2,0,0.0608,0.001
P01168,87.0,0,0,0,0.0754,0.001
P01169,53.8,1,0,0,0.0603,0.0093
P01170,54.5,0,0,0,0.0062,0.0352
P01171,42.8,1,1,0,0.0424,0.044
P01172,31.4,2,0,0,0.0391,0.001
P01173,58.2,1,3,0,0.1463,0.001
P01174,45.0,1,1,0,0.0497,0.0117
P01175,58.7,2,0,0,0.037,0.024
P01176,36.0,0,3,0,0.0413,0.001
P01177,48.6,1,0,0,0.024,0.0019
P01178,62.2,2,2,0,0.2013,0.0119
P01179,65.5,0,0,0,0.001,0.001
P01180,66.3,1,2,0,0.1171,0.001
P01181,40.2,3,2,0,0.0507,0.001
P01182,72.8,2,1,0,0.0835,0.0211
P01183,48.0,2,2,0,0.118,0.0305
P01184,69.5,3,1,0,0.0925,0.0119
P01185,59.8,0,1,0,0.0484,0.0206
P01186,39.4,1,0,0,0.001,0.001
P01187,55.3,1,1,0,0.0583,0.001
P01188,65.5,3,3,1,0.4697,0.4128
P01189,69.2,3,2,0,0.2707,0.1449
P01190,57.9,2,2,0,0.1768,0.077
P01191,83.0,0,1,0,0.0467,0.001
P01192,75.1,2,0,0,0.1357,0.001
P01193,56.2,1,0,0,0.0403,0.0071
P01194,71.3,1,0,1,0.0253,0.0112
P01195,89.0,2,1,0,0.2136,0.0758
P01196,89.4,2,1,0,0.3162,0.1084
P01197,41.6,4,1,0,0.1339,0.0159
P01198,46.1,3,0,0,0.0434,0.0161
P01199,82.3,2,3,0,0.3391,0.1248
P01200,44.1,4,3,0,0.2933,0.1672
P01201,40.2,3,2,0,0.1279,0.0317
P01202,52.7,1,1,0,0.074,0.001
P01203,66.3,0,0,0,0.001,0.0411
P01204,58.5,1,1,0,0.0134,0.001
P01205,50.2,3,1,0,0.2625,0.0839
P01206,49.9,1,1,0,0.0228,0.001
P01207,49.3,2,1,0,0.0751,0.0254
P01208,46.8,2,2,0,0.1168,0.007
P01209,94.2,1,2,0,0.2286,0.0715
P01210,64.5,2,1,0,0.0689,0.001
P01211,73.3,0,0,0,0.001,0.001
P01212,52.7,3,1,0,0.228,0.1065
P01213,57.2,5,2,0,0.6268,0.7052
P01214,49.3,4,0,0,0.0994,0.001
P01215,20.2,2,0,0,0.001,0.001
P01216,39.3,3,0,0,0.0638,0.0377
P01217,32.8,4,2,0,0.1085,0.001
P01218,26.3,2,0,0,0.0659,0.0418
P01219,42.1,4,1,0,0.2038,0.0861
P01220,79.9,3,2,1,0.3494,0.2116
P01221,59.3,2,2,0,0.1375,0.0163
P01222,79.4,2,2,1,0.388,0.3175
P01223,66.2,2,0,0,0.001,0.001
P01224,71.7,2,2,0,0.1228,0.0462
P01225,46.5,1,1,0,0.0899,0.001
P01226,67.9,3,1,0,0.117,0.0056
P01227,70.9,1,1,0,0.0877,0.0047
P01228,51.4,1,2,0,0.0792,0.001
P01229,68.4,0,1,0,0.0981,0.0084
P01230,68.5,0,0,0,0.0483,0.0017
P01231,51.8,2,0,0,0.0542,0.001
P01232,43.2,0,2,0,0.0741,0.0081
P01233,42.2,4,0,0,0.0581,0.0163
P01234,61.3,2,1,0,0.1433,0.001
P01235,64.9,0,0,0,0.001,0.0375
P01236,48.1,1,1,0,0.001,0.0274
P01237,60.4,3,2,0,0.2829,0.1017
P01238,68.6,1,0,0,0.0063,0.0171
P01239,69.3,2,1,0,0.1596,0.0082
P01240,83.3,2,0,0,0.1237,0.028
P01241,79.2,1,1,0,0.1246,0.0356
P01242,45.0,2,1,0,0.0708,0.0173
P01243,85.3,5,0,0,0.383,0.2997
P01244,52.0,3,1,0,0.001,0.001
P01245,75.7,4,1,1,0.5093,0.4336
P01246,61.0,1,1,0,0.0122,0.0189
P01247,53.8,1,1,0,0.1059,0.001
P01248,32.9,0,1,0,0.0409,0.001
P01249,57.4,2,2,0,0.0947,0.039
P01250,36.6,1,0,0,0.0226,0.001
P01251,74.5,3,2,1,0.2148,0.0269
P01252,82.8,0,1,0,0.0491,0.001
P01253,48.0,2,1,1,0.1253,0.001
P01254,64.5,1,0,0,0.0669,0.0253
P01255,49.1,0,0,0,0.0223,0.0258
P01256,50.6,4,2,0,0.0759,0.0053
P01257,71.6,0,0,0,0.0601,0.0101
P01258,59.4,5,1,0,0.3566,0.324
P01259,86.1,3,1,0,0.2443,0.0424
P01260,52.8,0,1,0,0.0396,0.0445
P01261,75.0,1,2,0,0.0768,0.0357
P01262,61.5,0,1,0,0.0368,0.0071
P01263,71.9,4,1,0,0.1746,0.015
P01264,53.3,2,0,0,0.0482,0.001
P01265,59.3,3,1,0,0.1274,0.001
P01266,58.3,5,0,0,0.1112,0.0213
P01267,47.5,4,2,0,0.1138,0.0119
P01268,69.9,4,1,0,0.0687,0.0077
P01269,69.8,3,1,0,0.2751,0.0682
P01270,68.9,1,0,0,0.0523,0.0442
P01271,83.1,1,2,1,0.0785,0.0117
P01272,81.7,0,2,0,0.0902,0.0135
P01273,54.4,0,1,0,0.0246,0.001
P01274,65.6,4,0,0,0.1125,0.001
P01275,50.6,2,2,0,0.0606,0.001
P01276,60.4,3,2,0,0.2163,0.0404
P01277,51.0,1,2,0,0.1012,0.0207
P01278,84.3,0,2,0,0.1308,0.0379
P01279,65.5,3,0,0,0.1212,0.0304
P01280,56.7,4,0,0,0.0609,0.0216
P01281,77.9,6,0,1,0.388,0.314
P01282,27.4,0,2,0,0.053,0.008
P01283,29.8,0,1,0,0.0155,0.0221
P01284,71.9,5,0,0,0.2344,0.0702
P01285,60.9,3,2,1,0.1255,0.001
P01286,63.8,4,0,0,0.0607,0.001
P01287,40.1,2,2,0,0.1225,0.001
P01288,59.7,4,0,1,0.1051,0.0216
P01289,90.1,1,3,1,0.2258,0.0168
P01290,72.4,4,1,1,0.3326,0.161
P01291,62.5,1,2,0,0.109,0.0242
P01292,53.4,2,2,1,0.1128,0.0318
P01293,54.1,3,1,0,0.0758,0.0368
P01294,28.1,2,0,0,0.016,0.001
P01295,63.9,3,0,0,0.0816,0.001
P01296,72.7,1,1,0,0.0784,0.0597
P01297,36.4,2,0,0,0.0393,0.0212
P01298,50.1,3,2,0,0.2183,0.0283
P01299,42.6,3,3,0,0.2092,0.0554
P01300,45.5,1,1,0,0.0061,0.001
P01301,60.8,4,2,0,0.1963,0.0414
P01302,28.7,1,1,0,0.001,0.001
P01303,69.2,3,1,0,0.1744,0.0356
P01304,71.3,2,1,0,0.0487,0.001
P01305,56.2,1,2,0,0.1114,0.001
P01306,22.8,1,0,0,0.0059,0.0512
P01307,45.1,1,2,0,0.1147,0.001
P01308,78.5,2,2,0,0.2759,0.111
P01309,18.3,2,1,1,0.0314,0.0054
P01310,54.8,3,0,0,0.0132,0.0123
P01311,42.3,0,1,0,0.061,0.001
P01312,72.1,1,2,0,0.0281,0.0288
P01313,49.9,1,1,0,0.0474,0.0097
P01314,66.1,4,3,0,0.2303,0.0442
P01315,68.5,1,0,0,0.0412,0.001
P01316,87.5,2,0,0,0.1703,0.0266
P01317,57.0,1,1,0,0.0572,0.001
P01318,65.6,1,1,0,0.0438,0.0118
P01319,37.7,4,1,0,0.1161,0.0166
P01320,77.9,0,2,0,0.057,0.0124
P01321,48.6,1,1,0,0.1005,0.0078
P01322,51.6,2,2,0,0.1058,0.0092
P01323,59.7,4,1,1,0.3466,0.1547
P01324,36.6,1,0,0,0.0091,0.0156
P01325,63.4,2,1,0,0.1108,0.0165
P01326,74.5,2,4,1,0.2799,0.1116
P01327,64.4,1,1,0,0.0542,0.0071
P01328,36.2,2,1,0,0.0465,0.0142
P01329,58.1,1,2,0,0.0827,0.0271
P01330,71.1,1,0,0,0.0425,0.0108
P01331,31.8,4,1,0,0.123,0.0166
P01332,43.9,1,1,0,0.0703,0.022
P01333,73.1,0,0,0,0.0755,0.001
P01334,64.1,1,3,1,0.2804,0.1067
P01335,66.2,3,2,0,0.3874,0.1333
P01336,87.9,2,1,0,0.2663,0.1179
P01337,67.0,3,0,0,0.0983,0.001
P01338,69.9,2,0,0,0.0351,0.0184
P01339,100.7,1,2,0,0.2768,0.0695
P01340,56.8,2,0,0,0.035,0.0213
P01341,48.0,3,3,1,0.3538,0.1731
P01342,66.4,1,3,0,0.1828,0.0418
P01343,66.6,3,4,1,0.6444,0.766
P01344,52.1,2,0,0,0.0217,0.0091
P01345,44.5,4,2,0,0.2817,0.1199
P01346,94.6,2,0,0,0.1814,0.052
P01347,64.9,3,1,0,0.2418,0.0057
P01348,49.0,4,1,1,0.1735,0.0118
P01349,73.7,5,0,0,0.2863,0.1355
P01350,58.4,1,0,0,0.0509,0.0167
P01351,56.2,0,2,1,0.0298,0.01
P01352,68.4,6,1,0,0.5231,0.5109
P01353,40.6,0,3,0,0.0475,0.03
P01354,65.3,1,1,0,0.0941,0.001
P01355,88.7,0,0,0,0.0783,0.0124
P01356,67.0,1,0,0,0.0043,0.0018
P01357,54.4,4,0,0,0.1227,0.007
P01358,52.4,3,0,0,0.0812,0.0272
P01359,53.8,0,1,0,0.0088,0.042
P01360,56.2,2,3,0,0.195,0.0477
P01361,54.3,1,1,0,0.0213,0.0171
P01362,73.7,0,1,0,0.0725,0.009
P01363,34.0,4,4,1,0.2759,0.1642
P01364,72.9,2,2,0,0.4499,0.3616
P01365,54.3,4,3,0,0.3529,0.275
P01366,65.7,0,0,0,0.0507,0.001
P01367,43.1,1,1,0,0.0353,0.0309
P01368,79.9,3,1,0,0.383,0.1538
P01369,78.7,0,3,0,0.1566,0.0122
P01370,74.4,0,0,0,0.0049,0.001
P01371,37.3,0,1,0,0.0013,0.001
P01372,72.4,4,2,1,0.3536,0.2032
P01373,66.1,1,2,1,0.142,0.0182
P01374,35.9,3,1,0,0.1395,0.001
P01375,59.6,1,0,0,0.0053,0.0036
P01376,65.5,1,1,0,0.2375,0.0322
P01377,68.3,0,2,0,0.0702,0.0191
P01378,62.7,2,1,0,0.0552,0.001
P01379,64.4,2,0,0,0.1015,0.001
P01380,82.1,2,0,1,0.2069,0.0803
P01381,78.4,1,0,0,0.1203,0.001
P01382,17.0,0,4,1,0.0574,0.001
P01383,55.2,2,2,0,0.1433,0.001
P01384,57.5,2,2,0,0.0492,0.0056
P01385,33.7,0,1,0,0.001,0.001
P01386,61.4,4,1,1,0.1291,0.0167
P01387,78.7,2,1,0,0.291,0.0625
P01388,43.7,1,1,0,0.0577,0.0159
P01389,65.0,5,2,1,0.4527,0.416
P01390,46.3,2,2,0,0.1694,0.001
P01391,49.9,1,0,0,0.0062,0.001
P01392,82.2,3,0,1,0.1535,0.0384
P01393,51.9,0,0,0,0.0578,0.0314
P01394,66.9,1,1,0,0.0478,0.001
P01395,31.9,0,1,0,0.001,0.0164
P01396,87.9,2,3,0,0.3502,0.2155
P01397,69.0,0,0,0,0.0484,0.001
P01398,57.3,1,1,0,0.0569,0.0334
P01399,68.6,0,2,0,0.096,0.001
P01400,38.9,1,0,0,0.0129,0.0065
P01401,77.7,2,1,0,0.0948,0.001
P01402,55.1,1,1,0,0.0739,0.0226
P01403,56.9,2,0,0,0.048,0.0176
P01404,52.6,1,1,0,0.0819,0.0351
P01405,51.3,1,0,0,0.0265,0.0289
P01406,70.4,0,0,0,0.0126,0.001
P01407,63.8,4,2,1,0.5781,0.6965
P01408,69.8,5,1,1,0.3759,0.2241
P01409,59.9,1,1,0,0.0532,0.0113
P01410,67.7,1,0,0,0.0784,0.001
P01411,53.7,0,3,0,0.0226,0.001
P01412,93.4,3,0,0,0.1303,0.0194
P01413,36.5,4,0,0,0.0853,0.001
P01414,78.9,3,4,1,0.7649,0.9472
P01415,80.5,2,1,1,0.1104,0.0199
P01416,47.2,3,0,0,0.122,0.001
P01417,93.4,1,2,0,0.1971,0.0151
P01418,74.9,3,0,0,0.1423,0.0027
P01419,74.6,3,1,0,0.3469,0.1733
P01420,60.4,2,1,1,0.0642,0.001
P01421,56.7,1,0,0,0.0559,0.0114
P01422,56.9,0,0,0,0.001,0.0061
P01423,65.9,2,0,0,0.0822,0.001
P01424,81.0,3,1,0,0.4547,0.3642
P01425,62.7,1,1,0,0.0629,0.001
P01426,46.3,1,1,0,0.0361,0.001
P01427,72.4,1,0,0,0.0239,0.0175
P01428,73.8,0,2,0,0.1045,0.0138
P01429,69.8,1,0,0,0.001,0.0083
P01430,71.2,3,1,0,0.215,0.0344
P01431,55.9,1,0,0,0.0043,0.0169
P01432,46.1,2,1,0,0.1932,0.0617
P01433,47.0,1,2,0,0.0636,0.001
P01434,35.5,1,1,0,0.0247,0.0076
P01435,63.6,1,1,0,0.0497,0.001
P01436,58.7,2,0,0,0.068,0.0561
P01437,53.4,4,1,0,0.1384,0.0424
P01438,15.7,1,0,0,0.001,0.0056
P01439,41.3,3,0,0,0.006,0.001
P01440,76.8,1,1,0,0.0821,0.001
P01441,50.0,0,2,0,0.0306,0.0162
P01442,65.4,1,0,0,0.008,0.001
P01443,39.1,0,1,0,0.0745,0.001
P01444,81.6,5,2,1,0.5946,0.6892
P01445,57.8,3,2,0,0.2674,0.0858
P01446,64.4,1,1,0,0.11,0.0209
P01447,94.9,1,2,0,0.215,0.0634
P01448,82.7,1,2,1,0.1111,0.0288
P01449,55.4,0,1,0,0.0867,0.001
P01450,51.1,3,1,0,0.1304,0.0303
P01451,55.1,1,0,0,0.0275,0.0044
P01452,67.6,0,1,0,0.036,0.0144
P01453,58.4,1,0,0,0.001,0.0255
P01454,54.1,1,0,0,0.001,0.001
P01455,82.0,0,2,0,0.2058,0.0031
P01456,58.3,2,0,0,0.1006,0.001
P01457,94.5,1,1,0,0.2542,0.0078
P01458,61.4,2,2,0,0.0465,0.001
P01459,86.8,0,1,0,0.001,0.001
P01460,65.4,4,1,0,0.0992,0.001
P01461,74.4,5,4,1,0.8432,0.9535
P01462,49.1,3,2,1,0.2019,0.0726
P01463,47.2,2,0,0,0.0084,0.0175
P01464,66.9,1,0,0,0.0151,0.001
P01465,74.8,1,0,1,0.0939,0.001
P01466,60.6,4,2,1,0.315,0.1821
P01467,40.7,2,1,0,0.0611,0.001
P01468,39.6,3,1,0,0.0692,0.001
P01469,38.6,2,0,0,0.0041,0.001
P01470,33.5,2,0,0,0.001,0.022
P01471,61.6,1,0,0,0.0187,0.0242
P01472,76.9,3,1,1,0.3086,0.0693
P01473,59.8,3,0,0,0.137,0.0178
P01474,26.1,2,0,0,0.0491,0.001
P01475,57.1,1,1,0,0.0567,0.001
P01476,57.6,5,3,0,0.4667,0.5156
P01477,91.4,5,4,1,0.7871,0.8965
P01478,38.1,3,2,0,0.1794,0.0456
P01479,54.1,3,1,0,0.122,0.0428
P01480,85.6,2,1,0,0.1893,0.0372
P01481,66.7,1,0,0,0.001,0.001
P01482,68.4,2,0,0,0.1618,0.0378
P01483,61.7,1,3,1,0.2509,0.0793
P01484,64.9,2,0,0,0.0273,0.001
P01485,71.7,3,2,0,0.1721,0.0394
P01486,47.9,2,1,0,0.1347,0.0062
P01487,73.2,5,2,1,0.3687,0.253
P01488,39.4,2,3,0,0.388,0.1884
P01489,64.9,2,4,0,0.3156,0.1445
P01490,62.7,2,1,0,0.177,0.028
P01491,50.8,3,1,0,0.095,0.0047
P01492,59.7,2,0,0,0.0864,0.001
P01493,50.7,1,4,0,0.1821,0.001
P01494,43.9,1,2,0,0.0854,0.0206
P01495,54.7,3,0,0,0.1274,0.001
P01496,43.4,1,2,0,0.0838,0.0471
P01497,64.8,4,0,0,0.1997,0.0931
P01498,42.7,1,2,0,0.0445,0.001
P01499,70.7,3,1,1,0.1642,0.0796
P01500,42.3,2,2,0,0.1975,0.0416
P01501,51.5,0,1,0,0.0479,0.001
P01502,50.6,0,1,0,0.0297,0.001
P01503,79.9,2,1,0,0.1008,0.0284
P01504,65.0,2,0,0,0.1064,0.003
P01505,56.8,3,0,0,0.0763,0.0123
P01506,67.5,3,0,0,0.0609,0.001
P01507,28.4,4,0,0,0.0905,0.001
P01508,59.4,4,1,0,0.1911,0.0406
P01509,90.0,2,0,0,0.0945,0.0228
P01510,62.0,4,1,0,0.358,0.221
P01511,61.0,2,3,1,0.3002,0.181
P01512,68.2,2,0,0,0.0781,0.001
P01513,73.4,4,2,1,0.2918,0.1546
P01514,30.0,4,3,0,0.1637,0.0125
P01515,34.8,0,0,0,0.0014,0.0186
P01516,63.2,2,3,1,0.1489,0.0134
P01517,49.3,2,2,0,0.0874,0.0046
P01518,79.7,5,3,1,0.7522,0.9567
P01519,55.3,0,0,0,0.0088,0.001
P01520,31.0,4,2,0,0.1038,0.001
P01521,41.0,1,1,0,0.0912,0.0119
P01522,18.8,2,1,1,0.015,0.001
P01523,56.5,3,3,0,0.2568,0.0973
P01524,57.2,2,1,0,0.1609,0.0378
P01525,53.6,1,3,0,0.1287,0.0257
P01526,76.2,3,0,0,0.1013,0.001
P01527,78.0,1,4,0,0.3765,0.2416
P01528,57.4,1,1,0,0.0725,0.001
P01529,28.0,2,2,0,0.033,0.0241
P01530,69.3,2,1,0,0.1434,0.0457
P01531,68.3,0,3,0,0.0706,0.0111
P01532,64.6,1,1,0,0.0428,0.001
P01533,74.7,2,0,0,0.1165,0.0334
P01534,42.5,1,0,0,0.082,0.001
P01535,90.1,3,1,0,0.2122,0.0857
P01536,45.6,1,0,0,0.0305,0.0054
P01537,71.2,0,1,0,0.0523,0.0103
P01538,34.7,4,0,0,0.0017,0.001
P01539,46.0,2,1,0,0.102,0.032
P01540,82.7,1,1,1,0.0503,0.0148
P01541,56.1,2,0,0,0.0887,0.029
P01542,72.6,3,0,0,0.065,0.007
P01543,63.6,1,0,0,0.0542,0.001
P01544,58.4,1,0,0,0.0183,0.0122
P01545,80.5,2,2,0,0.2885,0.0888
P01546,56.5,1,2,0,0.1159,0.0357
P01547,33.3,4,1,0,0.2062,0.033
P01548,48.0,4,1,0,0.3377,0.1214
P01549,68.3,3,0,0,0.0567,0.0174
P01550,65.9,6,1,0,0.3499,0.1643
P01551,36.5,1,2,0,0.0456,0.0036
P01552,49.1,0,0,0,0.001,0.001
P01553,51.3,3,1,0,0.1826,0.001
P01554,54.5,4,4,0,0.5693,0.6858
P01555,39.4,1,1,0,0.0963,0.0455
P01556,50.6,0,1,0,0.0512,0.001
P01557,49.1,1,0,0,0.0717,0.016
P01558,71.6,0,1,0,0.0611,0.0479
P01559,72.1,1,1,0,0.001,0.0206
P01560,57.8,1,2,0,0.093,0.001
P01561,54.1,2,2,0,0.051,0.0072
P01562,62.1,0,0,0,0.0741,0.0105
P01563,47.8,2,1,0,0.1013,0.0338
P01564,42.8,0,1,0,0.0346,0.0244
P01565,45.9,1,1,0,0.0566,0.001
P01566,50.5,2,0,0,0.001,0.001
P01567,42.5,2,1,0,0.008,0.001
P01568,62.4,0,1,0,0.0021,0.001
P01569,70.9,1,0,0,0.0039,0.001
P01570,36.2,3,1,0,0.0183,0.001
P01571,60.4,2,2,1,0.1132,0.0239
P01572,56.7,3,0,0,0.0862,0.001
P01573,65.1,0,1,0,0.0722,0.001
P01574,59.8,3,0,0,0.0974,0.0084
P01575,38.2,2,0,0,0.018,0.0075
P01576,41.1,1,0,0,0.001,0.001
P01577,60.4,0,1,0,0.0282,0.0282
P01578,75.4,0,0,0,0.001,0.0012
P01579,26.8,4,0,0,0.0965,0.001
P01580,65.2,2,5,0,0.3212,0.2089
P01581,77.8,4,0,1,0.1838,0.0223
P01582,57.7,1,0,0,0.001,0.0224
P01583,68.3,3,0,0,0.0793,0.001
P01584,49.5,1,1,0,0.0654,0.0128
P01585,58.2,2,0,0,0.0448,0.0026
P01586,35.7,3,1,1,0.1373,0.0506
P01587,24.8,2,0,0,0.001,0.008
P01588,74.1,4,0,0,0.1262,0.0045
P01589,45.2,1,1,0,0.0651,0.0153
P01590,53.2,4,0,0,0.1839,0.0444
P01591,39.2,0,0,0,0.0707,0.001
P01592,38.9,3,1,0,0.0941,0.001
P01593,57.4,1,0,0,0.0285,0.0109
P01594,49.1,2,2,0,0.1236,0.0166
P01595,65.7,2,0,0,0.037,0.001
P01596,66.8,2,0,0,0.0206,0.0058
P01597,64.8,2,1,0,0.12,0.003
P01598,63.6,1,3,0,0.0975,0.001
P01599,83.7,2,3,0,0.5128,0.5811
P01600,44.0,5,3,0,0.5331,0.5719
P01601,59.2,2,1,0,0.0987,0.0255
P01602,77.0,2,3,0,0.3059,0.128
P01603,79.0,2,0,0,0.0531,0.008
P01604,38.7,4,2,0,0.2347,0.0597
P01605,55.3,1,2,0,0.0833,0.0057
P01606,80.4,3,0,0,0.0774,0.001
P01607,67.6,1,0,0,0.0155,0.001
P01608,62.9,0,1,0,0.0398,0.001
P01609,56.7,0,2,0,0.0793,0.0304
P01610,54.2,0,1,0,0.0329,0.022
P01611,64.3,3,0,0,0.0748,0.001
P01612,56.2,0,0,0,0.001,0.0011
P01613,59.4,3,0,0,0.0903,0.001
P01614,61.2,0,1,0,0.1224,0.0068
P01615,49.8,3,1,0,0.1561,0.017
P01616,68.0,0,0,0,0.001,0.0283
P01617,103.7,3,0,0,0.2275,0.0391
P01618,33.3,4,1,0,0.057,0.0047
P01619,64.9,2,1,0,0.0923,0.0267
P01620,48.6,3,2,0,0.2631,0.0397
P01621,68.7,3,0,0,0.0687,0.0061
P01622,60.7,2,0,0,0.0299,0.0215
P01623,71.4,3,0,0,0.0951,0.0319
P01624,77.6,3,1,0,0.2903,0.051
P01625,62.9,4,2,1,0.3491,0.1283
P01626,77.0,1,1,1,0.1218,0.0122
P01627,24.8,1,1,0,0.001,0.0224
P01628,83.9,2,0,0,0.081,0.0259
P01629,65.6,5,0,0,0.2675,0.0879
P01630,76.2,1,2,1,0.238,0.0167
P01631,41.7,1,0,0,0.001,0.001
P01632,47.5,1,1,0,0.0119,0.001
P01633,62.2,1,2,0,0.0652,0.002
P01634,59.7,0,1,0,0.0362,0.001
P01635,64.2,4,1,0,0.4499,0.3516
P01636,76.3,2,1,0,0.1264,0.0434
P01637,33.5,4,1,0,0.069,0.0069
P01638,74.6,2,2,0,0.1676,0.001
P01639,60.1,1,1,0,0.0354,0.0119
P01640,56.9,6,1,0,0.3336,0.1934
P01641,37.9,1,1,0,0.0793,0.0196
P01642,67.5,1,0,0,0.0208,0.024
P01643,23.8,3,1,1,0.1308,0.0043
P01644,69.7,2,0,0,0.1137,0.001
P01645,37.6,1,0,0,0.0013,0.001
P01646,60.8,1,1,0,0.0485,0.001
P01647,58.2,0,2,0,0.0698,0.0496
P01648,77.5,2,0,0,0.0376,0.0062
P01649,57.3,2,0,0,0.0843,0.0202
P01650,49.6,1,0,0,0.0406,0.001
P01651,52.4,4,2,0,0.3383,0.1363
P01652,79.1,1,0,0,0.0483,0.0301
P01653,68.0,1,0,0,0.0151,0.001
P01654,54.2,2,0,0,0.074,0.0078
P01655,56.5,0,1,0,0.0624,0.0094
P01656,36.5,5,0,0,0.0838,0.0025
P01657,65.8,2,0,0,0.0718,0.001
P01658,33.6,2,0,0,0.0616,0.001
P01659,71.3,1,0,0,0.0092,0.001
P01660,61.9,0,1,0,0.023,0.0166
P01661,95.8,1,0,0,0.1062,0.0148
P01662,43.5,3,1,1,0.2184,0.0408
P01663,58.5,2,0,0,0.0417,0.001
P01664,87.0,5,1,1,0.5738,0.7612
P01665,77.9,5,3,1,0.679,0.8208
P01666,49.6,2,1,0,0.0048,0.001
P01667,63.4,3,0,0,0.1645,0.0089
P01668,60.0,1,1,0,0.0609,0.001
P01669,64.2,2,4,1,0.3221,0.2182
P01670,49.5,3,4,1,0.2494,0.125
P01671,58.7,5,1,0,0.2649,0.121
P01672,36.0,2,1,0,0.0532,0.0134
P01673,62.0,2,0,0,0.0728,0.014
P01674,66.8,7,1,1,0.7829,0.9597
P01675,56.6,3,1,1,0.2136,0.0806
P01676,35.8,3,0,0,0.0828,0.001
P01677,74.8,1,0,1,0.001,0.0043
P01678,65.5,1,0,0,0.001,0.001
P01679,49.1,2,0,0,0.0976,0.001
P01680,55.8,3,1,0,0.1249,0.0272
P01681,37.5,2,0,0,0.014,0.0122
P01682,44.6,0,0,0,0.0217,0.006
P01683,51.9,2,2,0,0.148,0.0297
P01684,78.4,5,0,0,0.1599,0.0458
P01685,50.4,2,1,0,0.001,0.0292
P01686,69.6,0,4,1,0.1378,0.0619
P01687,51.9,0,1,0,0.0202,0.001
P01688,63.7,0,0,0,0.0743,0.001
P01689,57.9,2,0,0,0.0862,0.0201
P01690,73.1,5,1,0,0.1628,0.0402
P01691,52.0,5,0,0,0.1915,0.0614
P01692,36.4,1,1,0,0.0268,0.001
P01693,39.3,0,0,0,0.0187,0.0193
P01694,52.0,1,0,0,0.028,0.001
P01695,41.3,1,1,0,0.001,0.001
P01696,66.2,3,1,1,0.1948,0.0068
P01697,53.0,0,2,0,0.0759,0.01
P01698,95.6,0,1,0,0.0445,0.001
P01699,33.9,4,0,1,0.0421,0.0139
P01700,63.1,0,1,0,0.0609,0.001
P01701,43.1,2,2,0,0.2469,0.0534
P01702,52.6,2,0,0,0.0195,0.0178
P01703,62.1,1,2,0,0.1176,0.001
P01704,25.1,0,0,0,0.0036,0.0177
P01705,63.6,1,2,0,0.0745,0.0046
P01706,88.5,0,3,1,0.2366,0.0216
P01707,53.2,4,1,0,0.2384,0.0913
P01708,63.9,0,1,0,0.0466,0.007
P01709,75.4,3,0,0,0.2482,0.057
P01710,57.5,2,1,0,0.001,0.0205
P01711,51.3,2,1,0,0.0199,0.0311
P01712,25.9,1,1,0,0.0405,0.0049
P01713,69.6,2,1,0,0.1385,0.0379
P01714,58.3,2,0,0,0.0465,0.0096
P01715,44.8,0,0,0,0.0597,0.001
P01716,61.9,1,0,0,0.0076,0.001
P01717,51.2,4,1,1,0.1653,0.0626
P01718,52.1,2,0,0,0.0499,0.0302
P01719,69.1,2,0,0,0.0467,0.0129
P01720,39.9,1,1,1,0.1021,0.001
P01721,75.7,1,2,0,0.1672,0.0437
P01722,39.0,4,2,0,0.0883,0.001
P01723,50.1,3,3,1,0.3042,0.1029
P01724,88.8,1,0,0,0.0119,0.0217
P01725,76.9,4,1,0,0.4098,0.3168
P01726,61.5,1,1,0,0.0516,0.039
P01727,45.9,1,1,0,0.0175,0.0233
P01728,52.1,0,0,0,0.0504,0.001
P01729,61.1,1,0,0,0.0597,0.0106
P01730,60.6,1,3,0,0.1341,0.0583
P01731,58.6,1,2,0,0.0704,0.0249
P01732,59.5,2,2,1,0.2196,0.0364
P01733,56.8,2,1,0,0.0844,0.0605
P01734,38.4,4,0,1,0.0598,0.0044
P01735,52.3,2,2,0,0.1358,0.0234
P01736,73.7,1,0,0,0.0058,0.001
P01737,39.5,4,1,0,0.001,0.001
P01738,57.2,2,0,0,0.0308,0.001
P01739,47.7,2,2,1,0.063,0.0017
P01740,61.7,1,1,0,0.0364,0.0072
P01741,54.2,1,0,0,0.0062,0.001
P01742,82.2,2,2,0,0.0981,0.0265
P01743,67.6,3,0,0,0.0545,0.001
P01744,40.3,4,0,0,0.1056,0.0148
P01745,70.1,5,0,1,0.2034,0.0699
P01746,48.4,3,0,0,0.0162,0.001
P01747,51.3,1,0,0,0.001,0.001
P01748,64.7,4,1,0,0.2929,0.1175
P01749,52.6,2,2,0,0.1408,0.0284
P01750,73.4,0,1,0,0.041,0.0064
P01751,48.4,3,0,0,0.1207,0.0348
P01752,50.7,1,1,0,0.0311,0.0024
P01753,50.2,0,0,0,0.001,0.001
P01754,51.5,3,0,0,0.033,0.001
P01755,76.5,2,1,0,0.1006,0.0112
P01756,69.4,0,1,0,0.001,0.0159
P01757,85.6,1,1,0,0.0888,0.0307
P01758,94.0,1,2,0,0.217,0.0612
P01759,44.5,2,0,0,0.114,0.0313
P01760,61.1,4,2,0,0.2751,0.093
P01761,42.4,4,0,0,0.0902,0.001
P01762,48.3,0,0,0,0.001,0.001
P01763,50.5,3,0,0,0.0772,0.001
P01764,44.1,0,0,0,0.0344,0.001
P01765,44.2,1,0,0,0.001,0.0406
P01766,57.8,4,0,0,0.2114,0.0541
P01767,41.7,0,3,0,0.0075,0.001
P01768,72.6,3,1,0,0.1586,0.0591
P01769,46.2,1,1,0,0.1272,0.001
P01770,102.1,1,3,0,0.4934,0.432
P01771,53.2,1,1,1,0.001,0.0401
P01772,61.1,0,0,0,0.0486,0.001
P01773,40.6,1,0,0,0.0671,0.049
P01774,85.6,2,0,0,0.2278,0.0351
P01775,76.8,1,1,0,0.1147,0.0341
P01776,64.5,3,0,0,0.001,0.0275
P01777,39.8,3,2,1,0.1584,0.0199
P01778,63.2,5,1,0,0.3797,0.1668
P01779,43.2,3,1,0,0.0921,0.0052
P01780,81.9,3,1,1,0.3093,0.0894
P01781,72.1,3,1,0,0.2874,0.1488
P01782,61.4,3,1,0,0.1723,0.0257
P01783,23.5,1,0,0,0.001,0.0338
P01784,45.2,3,2,0,0.2086,0.0829
P01785,70.3,2,0,1,0.1722,0.078
P01786,78.2,2,0,0,0.1087,0.001
P01787,76.6,3,2,1,0.2933,0.1529
P01788,36.1,1,1,0,0.0173,0.001
P01789,64.5,1,0,0,0.0477,0.0307
P01790,75.2,3,1,0,0.1899,0.0387
P01791,35.1,1,2,0,0.1249,0.001
P01792,59.9,1,2,0,0.0862,0.001
P01793,64.1,1,1,0,0.0895,0.001
P01794,55.5,3,0,0,0.1039,0.001
P01795,32.2,5,1,0,0.048,0.0443
P01796,55.1,2,0,1,0.0955,0.001
P01797,55.1,1,1,0,0.0683,0.0041
P01798,57.8,2,3,0,0.2626,0.1024
P01799,51.5,2,1,0,0.06,0.001
P01800,53.4,3,0,0,0.045,0.001
P01801,59.4,1,2,1,0.1884,0.0236
P01802,66.6,0,0,0,0.07,0.0075
P01803,55.4,3,1,0,0.1835,0.0892
P01804,53.9,2,2,0,0.1471,0.0352
P01805,61.4,1,1,0,0.001,0.001
P01806,31.2,3,0,0,0.0415,0.0211
P01807,67.2,3,3,1,0.3592,0.1636
P01808,60.0,3,1,0,0.0951,0.0048
P01809,60.6,0,0,0,0.001,0.0038
P01810,74.4,2,0,0,0.0423,0.0122
P01811,30.7,1,1,0,0.0654,0.0012
P01812,30.4,0,1,0,0.0207,0.0097
P01813,64.1,0,3,1,0.0428,0.001
P01814,59.9,2,2,0,0.1145,0.0673
P01815,62.6,2,0,0,0.0951,0.001
P01816,53.1,1,0,0,0.001,0.0117
P01817,70.0,5,2,0,0.4619,0.4153
P01818,74.0,0,1,0,0.0394,0.0135
P01819,67.3,1,1,0,0.0285,0.001
P01820,56.1,4,2,0,0.2833,0.088
P01821,28.4,2,0,0,0.0349,0.001
P01822,71.5,0,0,0,0.0699,0.001
P01823,78.3,3,1,1,0.2609,0.0461
P01824,69.7,2,2,0,0.1107,0.0137
P01825,46.8,0,0,0,0.0172,0.001
P01826,70.1,2,1,0,0.1556,0.0633
P01827,72.9,0,1,0,0.0508,0.0215
P01828,83.4,1,1,0,0.1504,0.0661
P01829,46.9,0,0,0,0.0661,0.0345
P01830,56.6,3,1,0,0.0887,0.0032
P01831,71.2,1,0,0,0.0546,0.001
P01832,60.9,3,1,0,0.1247,0.001
P01833,43.2,2,0,0,0.0245,0.001
P01834,66.2,0,0,0,0.0888,0.0356
P01835,68.7,3,0,0,0.0694,0.001
P01836,61.3,2,1,0,0.024,0.001
P01837,63.3,3,2,1,0.2615,0.1017
P01838,56.1,2,0,0,0.0367,0.0082
P01839,82.2,0,0,0,0.0469,0.0273
P01840,46.5,1,0,0,0.001,0.001
P01841,51.2,2,0,0,0.0184,0.001
P01842,60.2,2,1,1,0.1503,0.0453
P01843,73.2,4,1,0,0.3194,0.1355
P01844,37.5,0,1,0,0.0188,0.001
P01845,40.3,1,0,0,0.0172,0.0342
P01846,29.4,1,1,0,0.0377,0.001
P01847,60.5,4,2,1,0.2269,0.0936
P01848,43.2,0,0,0,0.001,0.001
P01849,54.2,3,0,0,0.001,0.0128
P01850,69.9,1,1,0,0.0752,0.001
P01851,50.4,1,4,0,0.1842,0.019
P01852,63.5,5,0,0,0.151,0.0416
P01853,55.5,3,1,0,0.0813,0.0051
P01854,70.1,2,1,1,0.1015,0.0356
P01855,67.1,1,1,0,0.0725,0.0251
P01856,49.6,2,0,0,0.001,0.001
P01857,57.5,2,1,0,0.1039,0.0236
P01858,75.7,2,1,1,0.046,0.001
P01859,65.9,1,1,1,0.0935,0.0074
P01860,39.0,5,1,0,0.3283,0.1744
P01861,69.8,2,1,0,0.1026,0.001
P01862,43.7,1,2,0,0.1292,0.0247
P01863,81.2,3,0,0,0.1319,0.0057
P01864,75.4,3,1,1,0.3977,0.1851
P01865,64.3,1,3,1,0.1435,0.0329
P01866,62.4,2,1,0,0.001,0.001
P01867,56.9,5,1,0,0.2815,0.0755
P01868,70.2,3,1,1,0.3346,0.1847
P01869,54.4,5,0,1,0.1989,0.0462
P01870,63.5,0,0,0,0.0077,0.001
P01871,73.1,0,2,0,0.0325,0.0243
P01872,51.6,2,1,0,0.0443,0.001
P01873,50.8,1,4,1,0.2441,0.0141
P01874,42.1,3,0,0,0.1338,0.001
P01875,44.0,0,2,0,0.0572,0.0185
P01876,32.6,0,1,0,0.001,0.001
P01877,70.9,1,0,0,0.0264,0.001
P01878,87.1,3,0,0,0.1358,0.024
P01879,81.4,0,2,1,0.0823,0.0215
P01880,35.6,2,2,0,0.133,0.001
P01881,70.9,3,1,1,0.1818,0.0537
P01882,81.3,1,1,0,0.1037,0.051
P01883,53.1,0,1,0,0.001,0.027
P01884,61.5,0,0,0,0.001,0.0242
P01885,29.9,3,1,0,0.1075,0.0091
P01886,64.0,3,1,1,0.1874,0.0094
P01887,44.0,4,0,1,0.0601,0.0052
P01888,63.0,1,0,0,0.001,0.0092
P01889,36.6,1,2,0,0.0252,0.001
P01890,68.1,5,3,1,0.6145,0.702
P01891,75.4,1,1,0,0.0592,0.001
P01892,48.3,2,0,0,0.1093,0.0116
P01893,42.9,0,0,0,0.0156,0.0018
P01894,27.7,1,0,0,0.0036,0.001
P01895,56.0,2,1,0,0.2546,0.0519
P01896,51.3,2,1,0,0.0375,0.001
P01897,36.7,3,1,0,0.1194,0.001
P01898,66.8,5,1,1,0.4819,0.3828
P01899,53.3,5,4,0,0.4437,0.3655
P01900,43.9,4,2,0,0.1396,0.0278
P01901,51.7,4,1,0,0.127,0.0186
P01902,76.1,3,2,0,0.313,0.1561
P01903,69.0,3,0,0,0.1153,0.0071
P01904,58.0,1,0,0,0.001,0.0032
P01905,69.3,1,2,0,0.1334,0.0213
P01906,42.6,0,1,0,0.0622,0.0069
P01907,60.5,2,3,0,0.2973,0.0986
P01908,62.2,5,0,0,0.1843,0.0212
P01909,53.0,0,1,0,0.001,0.0082
P01910,66.5,3,1,0,0.3236,0.1617
P01911,48.3,0,0,0,0.0665,0.0139
P01912,67.6,4,1,1,0.1955,0.0271
P01913,68.3,0,2,0,0.0427,0.0188
P01914,16.2,1,0,0,0.001,0.001
P01915,77.9,2,1,0,0.0942,0.0012
P01916,14.3,1,0,0,0.027,0.001
P01917,50.8,2,1,0,0.0463,0.001
P01918,75.4,1,0,0,0.0661,0.001
P01919,55.2,5,0,0,0.1423,0.0186
P01920,38.0,2,0,0,0.0265,0.001
P01921,43.6,3,0,0,0.0805,0.001
P01922,75.4,3,1,0,0.2945,0.1252
P01923,31.2,6,1,0,0.1122,0.0588
P01924,76.9,1,2,1,0.1571,0.029
P01925,59.2,3,1,0,0.0527,0.0043
P01926,42.1,1,1,0,0.001,0.0047
P01927,51.3,2,2,0,0.0938,0.0177
P01928,44.7,2,0,0,0.0799,0.0213
P01929,73.0,1,2,0,0.1268,0.001
P01930,71.0,1,0,0,0.0695,0.0266
P01931,34.2,3,0,0,0.001,0.0257
P01932,53.9,1,0,0,0.001,0.001
P01933,47.1,2,1,0,0.0312,0.001
P01934,79.4,3,2,0,0.5708,0.5848
P01935,39.7,1,2,0,0.0385,0.001
P01936,84.1,4,0,1,0.2111,0.0741
P01937,59.5,1,3,0,0.1192,0.0386
P01938,42.6,2,2,0,0.1233,0.0243
P01939,49.8,0,1,0,0.0037,0.001
P01940,48.0,2,0,0,0.1442,0.0423
P01941,40.9,2,1,0,0.0344,0.0207
P01942,61.4,2,0,0,0.1142,0.001
P01943,41.6,2,2,1,0.0939,0.0539
P01944,27.3,2,0,0,0.0467,0.001
P01945,54.3,5,1,0,0.2496,0.0495
P01946,33.0,3,0,0,0.0578,0.001
P01947,48.7,4,0,0,0.1275,0.001
P01948,46.4,0,0,0,0.0658,0.001
P01949,46.9,2,0,0,0.0238,0.0192
P01950,90.0,2,1,0,0.2263,0.0432
P01951,60.8,1,0,0,0.0321,0.001
P01952,63.7,4,3,0,0.1804,0.0532
P01953,33.4,0,0,0,0.0622,0.001
P01954,50.2,0,3,0,0.1189,0.001
P01955,63.2,3,1,0,0.0246,0.001
P01956,44.6,2,2,0,0.1407,0.001
P01957,73.6,2,0,0,0.0586,0.001
P01958,42.0,1,0,0,0.0267,0.0282
P01959,55.7,4,0,0,0.1317,0.004
P01960,51.2,2,0,0,0.1045,0.001
P01961,62.5,3,1,0,0.1142,0.001
P01962,50.4,2,0,0,0.113,0.0354
P01963,55.9,2,0,0,0.0745,0.0319
P01964,56.5,1,1,0,0.0616,0.0155
P01965,49.0,4,4,0,0.6046,0.7168
P01966,67.3,0,0,0,0.0592,0.0064
P01967,63.6,2,1,0,0.0177,0.0087
P01968,58.7,2,1,0,0.0597,0.0041
P01969,53.5,4,0,0,0.0922,0.001
P01970,71.9,1,0,0,0.0582,0.001
P01971,56.5,3,2,0,0.1391,0.007
P01972,55.4,3,1,0,0.1478,0.0152
P01973,61.6,0,1,1,0.0689,0.028
P01974,85.4,3,0,0,0.0879,0.0255
P01975,39.9,4,1,0,0.1575,0.0016
P01976,71.5,0,3,0,0.3004,0.1309
P01977,31.6,1,2,0,0.0943,0.0098
P01978,63.3,2,1,0,0.1635,0.0665
P01979,83.6,2,1,0,0.1381,0.0251
P01980,67.3,3,2,0,0.2111,0.0584
P01981,62.6,2,0,0,0.0439,0.0015
P01982,51.6,3,0,0,0.0982,0.001
P01983,60.5,0,0,0,0.0913,0.0278
P01984,56.2,3,1,0,0.0866,0.02
P01985,48.2,1,0,0,0.0412,0.001
P01986,55.7,1,1,0,0.0313,0.0096
P01987,63.0,0,0,0,0.0332,0.0169
P01988,48.5,1,0,0,0.0372,0.001
P01989,47.9,1,2,1,0.001,0.001
P01990,39.6,4,1,0,0.1312,0.0245
P01991,65.9,0,3,0,0.2385,0.012
P01992,68.2,2,5,0,0.5154,0.5485
P01993,63.5,1,3,0,0.1623,0.011
P01994,74.5,2,0,0,0.1143,0.0195
P01995,61.3,2,0,0,0.0249,0.0113
P01996,65.9,1,1,0,0.0881,0.0341
P01997,64.6,2,3,0,0.1908,0.0314
P01998,58.6,2,0,0,0.031,0.001
P01999,52.0,4,2,0,0.2774,0.0531
P02000,93.2,3,2,0,0.2879,0.1056
